,ID,neg_cDNA_count,1cDNA_count,2gDNA_count,2cDNA_count,1gDNA_count,neg_gDNA_count,3gDNA_count,3cDNA_count,neg_cDNA_count_pseudocounts,1cDNA_count_pseudocounts,2gDNA_count_pseudocounts,2cDNA_count_pseudocounts,1gDNA_count_pseudocounts,neg_gDNA_count_pseudocounts,3gDNA_count_pseudocounts,3cDNA_count_pseudocounts,neg_cDNA_count_pseudocounts_rel_freq,1cDNA_count_pseudocounts_rel_freq,2gDNA_count_pseudocounts_rel_freq,2cDNA_count_pseudocounts_rel_freq,1gDNA_count_pseudocounts_rel_freq,neg_gDNA_count_pseudocounts_rel_freq,3gDNA_count_pseudocounts_rel_freq,3cDNA_count_pseudocounts_rel_freq,gDNA_count_pseudocounts_rel_freq_average_replicates,cDNA_count_pseudocounts_rel_freq_average_replicates,score_1,score_1_log2,score_2,score_2_log2,score_3,score_3_log2,origin,category,score_1_log2_norm,score_2_log2_norm,score_3_log2_norm,score_log2_norm_average,score_log2_norm_average_norm,t_statistic,p_value,q_val,sig_05,sig_01
0,A,0,690,1853,118,1954,0,2219,1184,1,691,1854,119,1955,1,2220,1185,5.0952817690818304e-05,0.000458302437160833,0.0012686499757765862,7.53639636125051e-05,0.001302041707959038,8.034709946970914e-05,0.001172072366493302,0.0007481258972775794,0.0012475880167429755,0.0004272640993503058,0.35198752417787454,-1.5064037999045679,0.05940485165450944,-4.07327542756911,0.63829326470334,-0.6477086703904793,negative_neutral_SNV,negative_neutral_SNV,-0.855272089205219,-3.1671352122861127,0.11966820266919886,-1.300913032940711,-1.300913032940711,-1.3314085771739663,0.3134057415597721,0.5759889304341758,False,False
1,AACTAA,0,2386,4090,5994,4451,1,5624,5592,1,2387,4091,5995,4452,2,5625,5593,5.0952817690818304e-05,0.0015831663060823565,0.002799378128857613,0.0037966971584619167,0.002965058661807487,0.0001606941989394183,0.0029697779556418125,0.0035310279691759504,0.0029114049154356377,0.0029702971445734077,0.5339409727284333,-0.9052478343582946,1.3562644929326841,0.439638554162017,1.1889871976684006,0.2497331810551866,correlation_sequence,variant,-0.25411612365894576,1.345778769445014,1.0171100541148648,0.702924233300311,0.702924233300311,1.4265603621854257,0.28524627855356605,0.5704925571071321,False,False
2,AACTGT,0,6347,7644,3472,8520,0,9884,5195,1,6348,7645,3473,8521,1,9885,5196,5.0952817690818304e-05,0.004210280565986929,0.005231299387708738,0.0021994877783716826,0.005675037029932973,8.034709946970914e-05,0.005218889794047879,0.0032803900103411834,0.00537507540389653,0.0032300527848999317,0.741894818268112,-0.43071343084353764,0.4204476967117415,-1.2500017531175978,0.6285608893451734,-0.6698755881073216,negative_neutral_sequence,negative_neutral_sequence,0.2204182798558112,-0.3438615378346007,0.09750128495235655,-0.008647324342144325,-0.008647324342144358,,,,,
3,AATCGT,0,6299,8777,7339,10495,0,11780,6481,1,6300,8778,7340,10496,1,11781,6482,5.0952817690818304e-05,0.004178444796111791,0.006006585484016652,0.004648499940468802,0.006990398857666528,8.034709946970914e-05,0.006219902950296213,0.0040922802246019145,0.006405629097326465,0.00430640832039417,0.5977405411608518,-0.7424086994415542,0.7739005717704882,-0.3697798693805905,0.6579331313211289,-0.6039871310083453,negative_neutral_sequence,negative_neutral_sequence,-0.09127698874220536,0.5363603459024066,0.16338974205133283,0.20282436640384469,0.20282436640384466,,,,,
4,AATTAT,0,4097,2936,2577,3039,0,3849,1553,1,4098,2937,2578,3040,1,3850,1554,5.0952817690818304e-05,0.0027179788530898603,0.002009722210817602,0.001632674774731413,0.002024658205726586,8.034709946970914e-05,0.0020326480229726183,0.0009810866197209774,0.0020223428131722686,0.0017772467491807503,1.3424383658447987,0.42485585258218705,0.8123882822926073,-0.29975866421472314,0.4826642924072022,-1.0509079950005487,correlation_sequence,variant,1.0759875632815359,0.606381551068274,-0.2835311219408705,0.4662793308029798,0.46627933080297973,1.152304151999465,0.3624223175829552,0.6224541715658277,False,False
5,ACAATT,0,1765,3500,759,3790,0,4730,3191,1,1766,3501,760,3791,1,4731,3192,5.0952817690818304e-05,0.0011712910333227656,0.0023956545659082136,0.00048131607013028463,0.0025248287032597,8.034709946970914e-05,0.002497781245891807,0.0020152049486160616,0.0024727548383532403,0.0012226040173563706,0.4639091086894573,-1.1080859216202898,0.20091213356872822,-2.315363400349079,0.806798014009651,-0.30972056222795313,top_sequence_screen_jurkat,variant,-0.456954210920941,-1.409223185066082,0.45765631083172503,-0.4695070283850993,-0.46950702838509933,-0.8640140610420927,0.4761039558007732,0.7436483769747907,False,False
6,ACACGG,1,9120,8848,11654,9843,0,11932,8228,2,9121,8849,11655,9844,1,11933,8229,0.00010190563538163661,0.006049459521481849,0.006055169167015648,0.007381235259695352,0.0065561629530172735,8.034709946970914e-05,0.006300152950164222,0.005195213509449115,0.006303828356732381,0.006208636096875438,0.9227134171059264,-0.11604545993053277,1.2189973650782855,0.28569500750644405,0.8246170451010549,-0.27820381238002284,correlation_sequence,variant,0.5350862507688161,1.191835222789441,0.4891730606796553,0.7386981780793042,0.7386981780793042,3.112722214426641,0.07129897409030934,0.20201375992254314,False,False
7,AGAACC,0,6679,8636,4867,9962,0,12047,8870,1,6680,8637,4868,9963,1,12048,8871,5.0952817690818304e-05,0.0044304779742899624,0.005910102395243999,0.003082956091308192,0.006635417665675649,8.034709946970914e-05,0.006360868410590677,0.005600527286708359,0.006302129490503443,0.004371320450768838,0.6677014466185575,-0.5827249289605616,0.5216417390313103,-0.9388687838223847,0.8804658303233612,-0.18366107876908036,top_sequence_screen_jurkat,variant,0.06840678173878723,-0.03272856853938766,0.5837157942905978,0.20646466916333248,0.20646466916333245,1.0166628915915636,0.39559815739536763,0.6561140171435366,False,False
8,AGATGA,0,8277,12134,6058,14362,2,16471,6411,1,8278,12135,6059,14363,3,16472,6412,5.0952817690818304e-05,0.005490343813049747,0.0083037041294762,0.0038372290380518353,0.009565844016069393,0.00024104129840912743,0.008696565775170122,0.004048087133623492,0.008855371306905238,0.004458553328241691,0.5739528894498669,-0.8009957707848919,0.46211052058449115,-1.1136901600630766,0.46548111499154426,-1.1032054574163388,sequence_from_MA0777.1.MYBL2_for_IL2RA_jurkat,variant,-0.1498640600855431,-0.2075499447800796,-0.33582858435666063,-0.23108086307409445,-0.23108086307409448,-2.6114326547338633,0.023519519893019317,0.08885151959585075,False,False
9,AGCAAT,0,7183,10904,7683,11927,0,14637,7682,1,7184,10905,7684,11928,1,14638,7683,5.0952817690818304e-05,0.004764753557978906,0.0074620431423105035,0.004866358793264615,0.007944119433521947,8.034709946970914e-05,0.007728286171499529,0.004850507399817419,0.007711482915777327,0.00482720658368698,0.5997837265478396,-0.7374857156404072,0.6521483058268441,-0.6167280081141083,0.6276304075934949,-0.6720128448413296,top_sequence_screen_jurkat,variant,-0.08635400494105838,0.2894122071688887,0.09536402821834855,0.09947407681539296,0.09947407681539293,0.7725169026714233,0.48370818477317373,0.7436483769747907,False,False
10,AGGAAT,0,20262,25756,13628,28853,0,34805,16759,1,20263,25757,13629,28854,1,34806,16760,5.0952817690818304e-05,0.01343933760374813,0.01762492849302995,0.008631390420796907,0.019216936798695693,8.034709946970914e-05,0.018376194048723364,0.010581088639976565,0.01840601978014967,0.010883938888173869,0.6993485873700899,-0.5159163547175456,0.48972626607877145,-1.0299525189645076,0.5758041415932729,-0.7963499290589783,sequence_from_MA0090.1.TEAD1_for_IL2RA_primary,variant,0.13521535598180323,-0.12381230368151053,-0.028973055999300112,-0.005856667899669136,-0.005856667899669169,-0.05706102623727692,0.9562215129507693,0.9562215129507693,False,False
11,AGGCGG,1,11030,16780,12216,20064,0,23065,14850,2,11031,16781,12217,20065,1,23066,14851,0.00010190563538163661,0.007316257864430027,0.011482856118396383,0.007737155827344326,0.013363410163784192,8.034709946970914e-05,0.012177937479970497,0.009375879916007874,0.012341401254050357,0.008143097869260742,0.5474843452951564,-0.8691103818410166,0.6738006422416833,-0.5696062913038422,0.7699070496484918,-0.3772438141521416,negative_neutral_sequence,negative_neutral_sequence,-0.2179786711416678,0.3365339239791548,0.3901330589075366,0.16956277058167454,0.16956277058167452,,,,,
12,AGTGGG,0,11213,14487,10368,16675,4,19862,12880,1,11214,14488,10369,16676,5,19863,12881,5.0952817690818304e-05,0.007437631737078988,0.00991380844069643,0.006566797804185423,0.011106315867992284,0.0004017354973485457,0.010486879916962368,0.008132160069900843,0.010502334741883695,0.0073788632037217515,0.6696758696116129,-0.5784651104401864,0.662389014622126,-0.5942493481998833,0.7754603975913941,-0.36687498952204645,sequence_from_MA1715.1.ZNF707_for_IL2RA_jurkat,variant,0.07266660025916238,0.31189086708311375,0.4005018835376317,0.2616864502933026,0.26168645029330256,2.1810021870736556,0.08797467461915542,0.23929111496410274,False,False
13,ATCTGA,1,7939,9330,4539,10896,0,13024,4437,2,7940,9331,4540,10897,1,13025,4438,0.00010190563538163661,0.005266166933512321,0.006384990789628547,0.0028752302084098583,0.007257467259145594,8.034709946970914e-05,0.0068766858439528195,0.0028018419680319808,0.006839714630908986,0.0036477463699847203,0.7256204879017664,-0.462712903936872,0.45031078401557534,-1.1510070672198225,0.40744073985811763,-1.295337852794854,negative_neutral_sequence,negative_neutral_sequence,0.18841880676247685,-0.24486685193682545,-0.5279609797351759,-0.1948030083031748,-0.19480300830317482,,,,,
14,ATGGAT,1,26396,13034,18872,14295,0,17638,21965,2,26397,13035,18873,14296,1,17639,21966,0.00010190563538163661,0.017507683695708407,0.008919553632280367,0.011952471304695872,0.00952122161482476,8.034709946970914e-05,0.009312695708367277,0.013867791949028952,0.009251156985157468,0.01444264898314441,1.8388064477407544,0.878769630059666,1.340030207502672,0.4222655228644637,1.489127572005709,0.5744673533936118,sequence_from_MA0083.2.SRF_for_IL2RA_primary,variant,1.529901340759015,1.3284057381474608,1.34184422645329,1.4000504351199219,1.4000504351199219,14.724985237771387,2.7674419598043063e-07,4.704651331667321e-06,True,True
15,ATGGTA,0,12997,13888,10257,16098,3,19043,12967,1,12998,13889,10258,16099,4,19044,12968,5.0952817690818304e-05,0.008620861184104931,0.00950392638271899,0.006496500325521658,0.010722030412497469,0.0003213883978788366,0.010054480246620921,0.008187085768688311,0.010093479013945793,0.0077681490927716335,0.8040325248524347,-0.31467423217193574,0.6835596219825796,-0.548860915670228,0.8142724007478956,-0.2964165909774291,sequence_from_MA0083.2.SRF_for_IL2RA_jurkat,variant,0.3364574785274131,0.35727929961276905,0.47096028208224905,0.38823235340747714,0.3882323534074771,4.794477823114181,0.00013507774713692692,0.000918528680531103,True,True
16,ATTCTA,0,6139,11038,7674,13193,2,15884,8337,1,6140,11039,7675,13194,3,15885,8338,5.0952817690818304e-05,0.004072325563194666,0.0075537362905057906,0.004860658997697283,0.008787283015248873,0.00024104129840912743,0.008386652946732479,0.005264028465401229,0.008242557417495714,0.004732337675431059,0.4634339825094765,-1.1095642574166944,0.6434774541714664,-0.636038493954733,0.6276673780154628,-0.6719278657310983,sequence_from_MA0090.1.TEAD1_for_IL2RA_jurkat,variant,-0.45843254671734557,0.27010172132826404,0.09544900732857986,-0.03096060602016722,-0.030960606020167255,-0.1344400770450239,0.9034383510339632,0.9324103552457791,False,False
17,ATTGCG,0,17546,21691,10321,25738,3,30521,22262,1,17547,21692,10322,25739,4,30522,22263,5.0952817690818304e-05,0.011637963624979937,0.014843341572031127,0.006537032205111577,0.01714232814381467,0.0003213883978788366,0.01611441115770656,0.014055296920751687,0.01603336029118412,0.010743430916947733,0.6789021612084337,-0.5587244168971985,0.44040165574503215,-1.1831082019826815,0.8722190828567681,-0.19723754009997227,top_sequence_screen_primary,variant,0.09240729380215029,-0.2769679866996845,0.5701393329597059,0.12852621335405723,0.1285262133540572,0.5043727347197258,0.6576874307246673,0.8001625070513758,False,False
18,ATTTGA,0,5022,9977,5236,11792,1,13452,8769,1,5023,9978,5237,11793,2,13453,8770,5.0952817690818304e-05,0.0033314806683919884,0.00682771815442221,0.0033166477095688167,0.007854208625043957,0.0001606941989394183,0.007102652948844321,0.005536762969725207,0.0072615265761034956,0.004061630449228671,0.4241650339881751,-1.2373023975715327,0.48576224655973443,-1.041677726810597,0.7795344936044072,-0.35931523277122107,correlation_sequence,variant,-0.5861706868721839,-0.13553751152759996,0.4080616402884571,-0.10454885270377558,-0.1045488527037756,-0.35359175136139137,0.7542036093390727,0.8547640905842824,False,False
19,C,0,768,1378,1240,1499,0,1870,624,1,769,1379,1241,1500,1,1871,625,5.0952817690818304e-05,0.0005100355632079314,0.0009436182937410531,0.0007859384776732675,0.000999008983088776,8.034709946970914e-05,0.0009878141431121478,0.00039458116945020004,0.0009768138066473255,0.0005635184034437996,0.5105415184866336,-0.9698998055195283,0.8328987291644687,-0.2637870036351464,0.39944879530379707,-1.3239175166299675,negative_neutral_SNV,negative_neutral_SNV,-0.3187680948201794,0.6423532116478506,-0.5565406435702893,-0.07765184224753936,-0.07765184224753939,-0.20818639995803936,0.8531907608361828,0.9209043132834989,False,False
20,CAAGAG,0,20110,23457,14252,26396,0,31772,18373,1,20111,23458,14253,26397,1,31773,18374,5.0952817690818304e-05,0.013338524332476863,0.016051775151977973,0.009026576246798614,0.01758056008439628,8.034709946970914e-05,0.0167748897750413,0.011600055051964762,0.016802408337138516,0.011321718543746745,0.7587087253446232,-0.398381965707252,0.5623413087546469,-0.8304820658878798,0.6915130416668388,-0.5321716345880225,top_sequence_screen_primary,variant,0.25274974499209685,0.07565814939511728,0.23520523847165564,0.18787104428628995,0.18787104428628992,2.1026432004424818,0.059496374041980715,0.17724718744531007,False,False
21,CATTAG,0,20164,26423,15490,32782,1,37212,15166,1,20165,26424,15491,32783,2,37213,15167,5.0952817690818304e-05,0.013374339573586393,0.018081341402330375,0.009810614792616105,0.021833674328399562,0.0001606941989394183,0.019646995033475338,0.009575380155281895,0.019854003588068422,0.010920111507161464,0.6125556043579015,-0.7070872850736732,0.54258224400053,-0.882086258678432,0.4873712310186356,-1.0369070019954045,negative_neutral_sequence,negative_neutral_sequence,-0.05595557437432441,0.024053956604564997,-0.26953012893572637,-0.10047724890182859,-0.10047724890182862,,,,,
22,CATTCC,0,5174,8374,6864,9606,0,11531,4372,1,5175,8375,6865,9607,1,11532,4373,5.0952817690818304e-05,0.0034322939396632572,0.005730821762205453,0.004347677396637374,0.006398319533689247,8.034709946970914e-05,0.006088440779459801,0.00276080552640916,0.006072527358451501,0.0035135922875699304,0.5364367818129598,-0.8985199331113046,0.7586481619983608,-0.3984971323369191,0.4534503375187815,-1.1409835413523313,motif_from_MA0090.1.TEAD1,variant,-0.2473882224119558,0.507643082946078,-0.3736066682926531,-0.03778393591951031,-0.03778393591951035,-0.13316254128008767,0.9049865212679621,0.9324103552457791,False,False
23,CATTCCTCCACATTCC,0,2677,1718,535,2021,0,2396,2418,1,2678,1719,536,2022,1,2397,2419,5.0952817690818304e-05,0.0017761706609503774,0.001176272550355961,0.00033945449156556917,0.00134666410920367,8.034709946970914e-05,0.0012655213794974978,0.0015271869582400544,0.0012628193463523763,0.0012142707035853336,1.3189411144258458,0.3993801553231843,0.2885848959604168,-1.7929323012718115,1.206765040071039,0.27114480739215957,homodimer_from_MA0090.1.TEAD1,variant,1.0505118660225332,-0.8867920859888144,1.0385216804518378,0.4007471534951856,0.4007471534951855,0.6189109199062721,0.597813597092638,0.778752809569381,False,False
24,CATTCCTCCACATTCCTCCACATTCC,0,0,112,0,99,0,176,0,1,1,113,1,100,1,177,1,5.0952817690818304e-05,6.632452057320304e-07,7.732332646319e-05,6.333106185924799e-07,6.660059887258506e-05,8.034709946970914e-05,9.344901300419571e-05,6.313298711203201e-07,7.912431277999026e-05,6.426285651482768e-07,0.009958547174641749,-6.649848997872836,0.008190421281137837,-6.9318466246667105,0.006755875218200266,-7.20964160302163,homotrimer_from_MA0090.1.TEAD1,variant,-5.998717287173488,-6.025706409383713,-6.442264729961952,-6.155562808839718,-6.155562808839718,-38.60821894128978,3.510961204452932e-05,0.0002984317023784992,True,True
25,CCAAATAAGG,0,4833,6382,6865,7578,1,8282,6196,1,4834,6383,6866,7579,2,8283,6197,5.0952817690818304e-05,0.003206127324508635,0.004367741529332228,0.004348310707255967,0.005047659388553222,0.0001606941989394183,0.00437309703228109,0.003912351211332624,0.004596165983388846,0.003822263081032408,0.63517109173002,-0.6547828416741175,0.9955512884758014,-0.00643245275005122,0.8946408420514436,-0.16061947327624804,motif_from_MA0083.2.SRF,variant,-0.003651130974768657,0.8997077625329458,0.6067573997834301,0.5009380104472024,0.5009380104472024,1.8217248067142724,0.19430044389403872,0.42277886980447793,False,False
26,CCAAATAAGGCAGACCAAATAAGG,0,343,333,302,423,0,517,1509,1,344,334,303,424,1,518,1510,5.0952817690818304e-05,0.00022815635077181844,0.00022854859326288014,0.00019189311743352138,0.00028238653921976067,8.034709946970914e-05,0.00027348355218177045,0.0009533081053916834,0.0002614728948881371,0.0004577858578656744,0.8079576009615003,-0.307648507959213,0.8396162701942468,-0.2521979712526239,3.4857968524486203,1.801488493587255,homodimer_from_MA0083.2.SRF,variant,0.34348320274013583,0.6539422440303732,2.568865366646933,1.1887636044724808,1.1887636044724808,1.6999482127064514,0.2288025972867926,0.4714720186515726,False,False
27,CCAAATAAGGCAGACCAAATAAGGCAGACCAAATAAGG,0,0,12,0,31,0,16,0,1,1,13,1,32,1,17,1,5.0952817690818304e-05,6.632452057320304e-07,8.895603929393538e-06,6.333106185924799e-07,2.131219163922722e-05,8.034709946970914e-05,8.975328932606367e-06,6.313298711203201e-07,1.3061041500409042e-05,6.426285651482768e-07,0.03112045992075546,-5.005992808098112,0.07119366190527505,-3.812107380392615,0.07034058315420277,-3.829498894188972,homotrimer_from_MA0083.2.SRF,variant,-4.354861097398763,-2.905967165109618,-3.0621220211292934,-3.4409834278792246,-3.4409834278792246,-7.410081766672803,0.015632768184599903,0.06643926478454959,False,False
28,CCACCAGGGGGCG,0,425,9580,302,11303,0,13566,0,1,426,9581,303,11304,1,13567,1,5.0952817690818304e-05,0.00028254245764184493,0.006556060095963038,0.00019189311743352138,0.007528531696557016,8.034709946970914e-05,0.007162840448745328,6.313298711203201e-07,0.007082477413755128,0.0001583556349821622,0.03752955676218493,-4.735828938206213,0.029269578775167355,-5.094454206014733,8.813959708273362e-05,-13.469850172875589,motif_from_MA0139.1.CTCF,variant,-4.084697227506864,-4.188313990731736,-12.70247329981591,-6.991828172684837,-6.991828172684837,-2.4478437101310995,0.13397337273976348,0.3253639052251399,False,False
29,CCACCAGGGGGCGCTGGCCACCAGGGGGCG,0,0,739,0,851,0,1105,0,1,1,740,1,852,1,1106,1,5.0952817690818304e-05,6.632452057320304e-07,0.0005063651467500938,6.333106185924799e-07,0.0005674371023944247,8.034709946970914e-05,0.0005839243411448613,6.313298711203201e-07,0.0005525755300964599,6.426285651482768e-07,0.0011688435650987967,-9.74070242832395,0.0012506994659034806,-9.643049122767835,0.001081184370362972,-9.85317172317334,homodimer_from_MA0139.1.CTCF,variant,-9.0895707176246,-8.736908907484837,-9.085794850113661,-8.9707581584077,-8.9707581584077,-65.9857500571608,1.0283341043461726e-06,1.3985343819107947e-05,True,True
30,CCACCAGGGGGCGCTGGCCACCAGGGGGCGCTGGCCACCAGGGGGCG,0,0,72,0,70,0,104,0,1,1,73,1,71,1,105,1,5.0952817690818304e-05,6.632452057320304e-07,4.995223744967141e-05,6.333106185924799e-07,4.728642519953539e-05,8.034709946970914e-05,5.54358551719805e-05,6.313298711203201e-07,5.0891505940395764e-05,6.426285651482768e-07,0.014026122781185561,-6.155739927602793,0.012678323352994188,-6.301492221131539,0.011388475367823305,-6.456281570604755,homotrimer_from_MA0139.1.CTCF,variant,-5.504608216903445,-5.395352005848542,-5.688904697545077,-5.529621640099021,-5.529621640099021,-50.17123035905204,2.4936461743712603e-08,5.652264661908189e-07,True,True
31,CCAGGA,0,8601,7627,3528,9221,0,10909,6668,1,8602,7628,3529,9222,1,10910,6669,5.0952817690818304e-05,0.005705235259706926,0.005219666674877993,0.0022349531730128614,0.006141907228029794,8.034709946970914e-05,0.005760049332631498,0.004210338910501415,0.005707207745179761,0.004050175781073734,0.9289028713540265,-0.1064003425653895,0.4281792904074861,-1.2237130757845545,0.730955355998298,-0.45214480040145577,sequence_from_MA1715.1.ZNF707_for_IL2RA_jurkat_MA1715.1.ZNF707_primary,variant,0.5447313681339594,-0.3175728605015574,0.3152320726582224,0.1807968600968748,0.18079686009687476,0.6771271579148493,0.5600808701268909,0.7772550850740527,False,False
32,CCAGGT,0,5739,5609,6636,5860,0,7215,5460,1,5740,5610,6637,5861,1,7216,5461,5.0952817690818304e-05,0.0038070274809018545,0.003838795234145981,0.004203282575598289,0.0039034610999222107,8.034709946970914e-05,0.003809763151628679,0.003447692426188068,0.003850673161898957,0.00381933416089607,0.9752953554417955,-0.03608890853375793,1.0949483677092757,0.130862841145143,0.904962405527539,-0.14407023471974978,top_sequence_screen_jurkat,variant,0.6150428021655909,1.03700305642814,0.6233066383399284,0.7584508323112198,0.7584508323112198,4.874161979439348,0.015271520201306732,0.06643926478454959,False,False
33,CCCAGG,236,4922,8849,5669,10086,1,11984,5809,237,4923,8850,5670,10087,2,11985,5810,0.012075817792723938,0.0032651561478187854,0.006055853444240986,0.0035908712074193606,0.0067180024082776554,0.0001606941989394183,0.006327606897487488,0.0036680265512090597,0.006367154250002043,0.003508017968815735,0.4860308093661279,-1.0408803260955946,0.5929587366144434,-0.7539963822796535,0.5796862242920824,-0.7866558931832366,sequence_from_MA0003.2.TFAP2A_for_IL2RA_jurkat,variant,-0.3897486153962457,0.15214383300334355,-0.01927902012355842,-0.08562793417215353,-0.08562793417215356,-0.4912635007983728,0.6589573587481918,0.8001625070513758,False,False
34,CCCCACTCCTGGT,0,1653,338,82,374,0,466,447,1,1654,339,83,375,1,467,448,5.0952817690818304e-05,0.0010970075702807782,0.00023196997938956996,5.256478134317582e-05,0.000249752245772194,8.034709946970914e-05,0.00024655756538395136,0.0002828357822619034,0.0002427599301819051,0.0004774693779619525,4.392383207161987,2.1350039256899196,0.2266016554448135,-2.1417696940409416,1.1471389321250713,0.19804012940930982,motif_from_MA1715.1.ZNF707,variant,2.786135636389268,-1.2356294787579447,0.965417002468988,0.8386410533667705,0.8386410533667705,0.7199999814525391,0.5458379899320488,0.773270485737069,False,False
35,CCCCACTCCTGGTACCCCCACTCCTGGT,0,415,13,335,17,0,48,0,1,416,14,336,18,1,49,1,5.0952817690818304e-05,0.00027591000558452463,9.579881154731504e-06,0.00021279236784707323,1.1988107797065312e-05,8.034709946970914e-05,2.5870065746924233e-05,6.313298711203201e-07,1.581268489957368e-05,0.00016311123443423937,23.015309025838704,4.524521908600668,22.212422514445816,4.473294838469633,0.024403875788192798,-5.356745897053841,homodimer_from_MA1715.1.ZNF707,variant,5.175653619300016,5.379435053752631,-4.589369023994163,1.9885732163528285,1.9885732163528285,0.6043876326694271,0.6069691015761352,0.778752809569381,False,False
36,CCCCACTCCTGGTACCCCCACTCCTGGTACCCCCACTCCTGGT,0,8,3,0,1,0,4,0,1,9,4,1,2,1,5,1,5.0952817690818304e-05,5.969206851588274e-06,2.737108901351858e-06,6.333106185924799e-07,1.3320119774517013e-06,8.034709946970914e-05,2.6398026272371667e-06,6.313298711203201e-07,2.2363078353469085e-06,2.411282447100358e-06,4.481346228588786,2.1639321933442006,0.23137940119214395,-2.1116676622515222,0.23915798272428943,-2.063964147825995,homotrimer_from_MA1715.1.ZNF707,variant,2.8150639040435497,-1.2055274469685253,-1.2965872747663167,0.10431639410290254,0.10431639410290251,0.07685006539701615,0.9457065265225952,0.9562215129507693,False,False
37,CCGTTAAAC,0,7121,8061,6767,8678,0,10825,8111,1,7122,8062,6768,8679,1,10826,8112,5.0952817690818304e-05,0.00472363235522352,0.00551664299067467,0.004286246266633904,0.0057802659761516575,8.034709946970914e-05,0.005715700648493914,0.005121347914528037,0.005670869871773415,0.0047104088454618205,0.8171998269132219,-0.2912391963858046,0.7769664040031903,-0.3640758769826524,0.8960140198870477,-0.15840678864993413,motif_from_MA0777.1.MYBL2,variant,0.35989251431354424,0.5420643383003446,0.6089700844097441,0.5036423123412109,0.5036423123412109,4.950806450871594,0.001930795622592545,0.010099546333561004,True,False
38,CCGTTAAACGGAACCGTTAAAC,0,10967,1697,9920,1874,1,2224,8802,1,10968,1698,9921,1875,2,2225,8803,5.0952817690818304e-05,0.007274473416468909,0.0011619027286238637,0.006283074647055993,0.0012487612288609698,0.0001606941989394183,0.0011747121691205393,0.005557596855472178,0.0011951253755351243,0.0063717149729990265,5.8253517552784375,2.5423451674105086,5.407573708426996,2.43498142510771,4.731028588588583,2.2421538787718704,homodimer_from_MA0777.1.MYBL2,variant,3.1934768781098573,3.341121640390707,3.009530751831549,3.181376423444038,3.181376423444038,26.878763144537103,3.427908441953812e-06,3.884962900880987e-05,True,True
39,CCGTTAAACGGAACCGTTAAACGGAACCGTTAAAC,0,1553,47,0,78,0,75,458,1,1554,48,1,79,1,76,459,5.0952817690818304e-05,0.0010306830497075752,3.28453068162223e-05,6.333106185924799e-07,5.26144731093422e-05,8.034709946970914e-05,4.012499993400493e-05,0.0002897804108442269,4.1861593286523145e-05,0.0004403655903901316,19.589344695434526,4.291997232132496,0.019281616766011995,-5.696630162972679,7.221941715161108,2.8523867770315903,homotrimer_from_MA0777.1.MYBL2,variant,4.943128942831844,-4.790489947689681,3.6197636500912687,1.257467548411144,1.257467548411144,0.41244633541027836,0.7199838655327837,0.8400201755873618,False,False
40,CCTCAGGG,0,447,3139,2074,3628,0,4157,1808,1,448,3140,2075,3629,1,4158,1809,5.0952817690818304e-05,0.0002971338521679496,0.0021486304875612088,0.0013141195335793956,0.002416935733086112,8.034709946970914e-05,0.002195259864810428,0.001142075736856659,0.002253608695152583,0.0009177763742013347,0.1229382511501654,-3.0239942275198417,0.6116079713040746,-0.7093208849088626,0.5202462611210191,-0.9427334031757615,motif_from_MA0003.2.TFAP2A,variant,-2.3728625168204927,0.19681933037413446,-0.17535653011608332,-0.7837999055208139,-0.7837999055208139,-0.973959308336131,0.4315002605720358,0.6986194694975817,False,False
41,CCTCAGGGCATGCCTCAGGG,0,1164,598,1793,661,0,855,1083,1,1165,599,1794,662,1,856,1084,5.0952817690818304e-05,0.0007726806646778154,0.00040988205797744075,0.001136159249754909,0.0004408959645365131,8.034709946970914e-05,0.00045193420978300295,0.000684361580294427,0.00043423741076565226,0.0008644004982423839,1.752523785265504,0.8094340246363132,2.771917500759307,1.4708843198789532,1.5142947036981875,0.598646002014092,homodimer_from_MA0003.2.TFAP2A,variant,1.460565735335662,2.3770245351619503,1.3660228750737702,1.7345377151904608,1.7345377151904608,5.25974977544749,0.028196712697777383,0.10091455070783484,False,False
42,CCTCAGGGCATGCCTCAGGGCATGCCTCAGGG,0,9143,2435,5033,2827,0,3188,5616,1,9144,2436,5034,2828,1,3189,5617,5.0952817690818304e-05,0.006064714161213685,0.0016668993209232816,0.003188085653994543,0.0018834649361167055,8.034709946970914e-05,0.001683666115651865,0.003546179886082838,0.001744676790897284,0.004266326567097022,3.219977205266059,1.6870504753069677,1.9125844098542732,0.9355234210031244,2.1062251316436713,1.074659652387717,homotrimer_from_MA0003.2.TFAP2A,variant,2.3381821860063168,1.8416636362861214,1.8420365254473952,2.0072941159132776,2.0072941159132776,11.189415784630016,0.0022241460298852212,0.010802995002299646,True,False
43,CGAAAT,0,6018,6694,4554,7577,2,8785,5637,1,6019,6695,4555,7578,3,8786,5638,5.0952817690818304e-05,0.00399207289330109,0.004581236023637672,0.0028847298676887454,0.005046993382564496,0.00024104129840912743,0.0046386611765811495,0.003559437813376365,0.004755630194261106,0.0034787468581220665,0.7909804096617666,-0.33828613120549167,0.629683747531122,-0.6673006637737826,0.767341626792365,-0.3820590744609723,sequence_from_MA0107.1.RELA_for_IL2RA_primary,variant,0.31284557949385716,0.23883955150921443,0.38531779859870585,0.31233430986725913,0.3123343098672591,3.8451864252888983,0.0011689737676210943,0.007226383290748583,True,True
44,CGAGGA,0,9093,10787,5283,11870,3,14054,10205,1,9094,10788,5284,11871,4,14055,10206,5.0952817690818304e-05,0.006031551900927084,0.0073819827069459614,0.0033464133086426634,0.007906157092164573,0.0003213883978788366,0.007420485185163675,0.006443352664653987,0.007569541661424736,0.005273772624741244,0.7628929997994445,-0.390447370047429,0.4533217485722241,-1.1413927172402984,0.8683195914920305,-0.2037019598217966,correlation_sequence,variant,0.2606843406519198,-0.2352525019573014,0.5636749132378815,0.1963689173108333,0.19636891731083328,0.8082027087436177,0.4921202494686115,0.7436483769747907,False,False
45,CGTTAT,0,24292,5734,18882,6742,3,7965,24771,1,24293,5735,18883,6743,4,7966,24772,5.0952817690818304e-05,0.016112215782848213,0.003924329887313226,0.011958804410881796,0.004490878381978411,0.0003213883978788366,0.004205733545714254,0.01563930356739257,0.004206980605001964,0.014570107920374192,3.5877648897163272,1.8430853519199653,3.0473494212458614,1.607554934680108,3.7185673788890896,1.8947469134147084,sequence_from_MA1715.1.ZNF707_for_IL2RA_primary_MA0777.1.MYBL2_primary,variant,2.494217062619314,2.513695149963105,2.6621237864743863,2.5566786663522683,2.5566786663522683,29.286466036276696,1.0647781309298873e-12,7.240491290323234e-11,True,True
46,CGTTCA,0,14327,13712,13179,15758,0,19089,11940,1,14328,13713,13180,15759,1,19090,11941,5.0952817690818304e-05,0.009502977307728531,0.009383493591059508,0.008347033953048885,0.01049558837633068,8.034709946970914e-05,0.010078766430791503,0.007538709991047742,0.009985949466060564,0.008462907083941719,0.9054258767578334,-0.14333155598802066,0.8895443762014021,-0.16886151668129953,0.7479794320876741,-0.4189294954069194,sequence_from_MA0777.1.MYBL2_for_IL2RA_primary,variant,0.5078001547113282,0.7372786986016975,0.34844737765275874,0.5311754103219282,0.5311754103219282,4.010090035468421,0.01807503282911224,0.07230013131644895,False,False
47,CTGAGG,0,13089,19526,13133,23549,1,27752,18697,1,13090,19527,13134,23550,2,27753,18698,5.0952817690818304e-05,0.008681879743032278,0.013361881379174434,0.00831790166459363,0.015684441034493783,0.0001606941989394183,0.014652488462742618,0.011804605930207745,0.014566270292136946,0.00960146244594455,0.5535345329769022,-0.8532547706530165,0.6225097670420685,-0.6838316219594718,0.8056383023418663,-0.3117958200765917,sequence_from_MA0003.2.TFAP2A_for_IL2RA_primary,variant,-0.20212305995366764,0.22230859332352526,0.4555810529830865,0.15858886211764803,0.158588862117648,0.7750091603648323,0.5037774843497885,0.744714542082296,False,False
48,CTGGGG,0,5150,8942,9293,10074,0,12182,11077,1,5151,8943,9294,10075,1,12183,11078,5.0952817690818304e-05,0.0034163760547256884,0.006119491226197417,0.005885988889198507,0.006710010336412945,8.034709946970914e-05,0.006432143081526081,0.006993872312270906,0.006420548214712146,0.0054320790853983674,0.5091461687005424,-0.9738482016775133,0.9618428512489255,-0.05612689345312313,1.0873315819665428,0.12079195757920667,sequence_from_MA0003.2.TFAP2A_for_IL2RA_jurkat_MA0003.2.TFAP2A_primary,variant,-0.32271649097816446,0.8500133218298739,0.8881688306388849,0.4718218871635314,0.47182188716353135,1.1695325300159478,0.3566943267691241,0.6224541715658277,False,False
49,CTTTCA,0,7753,10747,8564,12543,0,14605,6351,1,7754,10748,8565,12544,1,14606,6352,5.0952817690818304e-05,0.005142803325246164,0.007354611617932443,0.00542430544824459,0.00835437912257707,8.034709946970914e-05,0.007711391434685211,0.004010207341356273,0.007806794058398241,0.004859105371615676,0.6155817505753517,-0.6999776324621394,0.7375379870527401,-0.4392107372933274,0.5200368020897872,-0.9433143710303735,top_sequence_screen_jurkat,variant,-0.04884592176279057,0.46692947798966966,-0.17593749797069536,0.08071535275206125,0.08071535275206122,0.3872400901640562,0.7288410347007992,0.8400201755873618,False,False
50,G,0,285,1256,742,1193,0,1561,1036,1,286,1257,743,1194,1,1562,1037,5.0952817690818304e-05,0.00018968812883936068,0.0008601364722498214,0.0004705497896142125,0.0007952111505386656,8.034709946970914e-05,0.0008246743407488909,0.000654689076351772,0.0008266739878457927,0.0004383089982684484,0.23853806465222277,-2.0677085925845273,0.5470641052848462,-0.8702181961334343,0.7938758901571323,-0.333014612267386,negative_neutral_SNV,negative_neutral_SNV,-1.4165768818851785,0.03592201914956272,0.4343622607922922,-0.3154308673144412,-0.31543086731444125,-0.556591658464836,0.63230767081141,0.7962392891699238,False,False
51,GAAAAT,0,6677,6988,5150,8211,3,9869,7004,1,6678,6989,5151,8212,4,9870,7005,5.0952817690818304e-05,0.004429151483878499,0.004782413527887034,0.0032621829963698635,0.005469241179416685,0.0003213883978788366,0.005210970386166167,0.004422465747197842,0.005154208364489962,0.004037933409148735,0.8098292502710375,-0.3043103421435979,0.6821206441784137,-0.551901168885766,0.8486837228893856,-0.23670108696421208,sequence_from_MA0107.1.RELA_for_IL2RA_jurkat,variant,0.3468213685557509,0.354239046397231,0.5306757860954661,0.410578733682816,0.41057873368281594,4.47439438706749,0.0012851426066712755,0.007282474771137228,True,True
52,GGAATTTCC,0,6722,7661,3898,8624,1,10287,3388,1,6723,7662,3899,8625,2,10288,3389,5.0952817690818304e-05,0.00445899751813644,0.005242932100539484,0.0024692781018920786,0.005744301652760461,0.0001606941989394183,0.005431657885803194,0.0021395769332267648,0.005472963879701046,0.003022617517751761,0.7762471032477273,-0.36541211530681816,0.47097274092830543,-1.0862845332777669,0.39390863309322355,-1.3440670587825856,motif_from_MA0107.1.RELA,variant,0.28571959539253067,-0.18014431799476982,-0.5766901857229074,-0.15703830277504885,-0.15703830277504888,-0.6070429976547578,0.5979419302164447,0.778752809569381,False,False
53,GGAATTTCCGGGAATTTCC,0,13503,11667,10139,13540,2,15624,12172,1,13504,11668,10140,13541,3,15625,12173,5.0952817690818304e-05,0.008956463258205339,0.00798414666524337,0.006421769672527745,0.009018387093336744,0.00024104129840912743,0.008249383210116146,0.007685178521147657,0.008417305656232088,0.00768780381729358,0.9931336019966189,-0.009940284512681074,0.8043150936195883,-0.31416730125899756,0.9316064395848881,-0.10220748289861517,homodimer_from_MA0107.1.RELA,variant,0.6411914261866678,0.5919729140239995,0.665169390161063,0.63277791012391,0.63277791012391,8.713270363168858,8.341421206821641e-10,2.8360832103193578e-08,True,True
54,GGAATTTCCGGGAATTTCCGGGAATTTCC,0,1830,1541,1510,1700,0,2034,1066,1,1831,1542,1511,1701,1,2035,1067,5.0952817690818304e-05,0.0012144019716953476,0.0010551554814711413,0.000956932344693237,0.0011328761868226718,8.034709946970914e-05,0.001074399669285527,0.0006736289724853815,0.0010874771125264466,0.000948321096291322,1.0719635436078214,0.10025584203584058,0.906911219718105,-0.14096676700172778,0.6269817384934073,-0.673504671267817,homotrimer_from_MA0107.1.RELA,variant,0.7513875527351894,0.7651734482812693,0.09387220179186118,0.5368110676027733,0.5368110676027733,2.3127587854010923,0.12511329824503417,0.31510015854304907,False,False
55,GGACCA,0,13107,22784,13751,25577,1,31114,13772,1,13108,22785,13752,25578,2,31115,13773,5.0952817690818304e-05,0.008693818156735453,0.015591256579325521,0.008709287626883782,0.017035101179629808,0.0001606941989394183,0.016427491749296887,0.00869530631494017,0.016351283169417405,0.008699470699519802,0.5103473155258582,-0.9704486912404447,0.5586007505278672,-0.8401105828840634,0.5293143011508338,-0.9178034612798465,sequence_from_MA0139.1.CTCF_for_IL2RA_jurkat,variant,-0.3193169805410959,0.06602963239893367,-0.1504265882201683,-0.13457131212077686,-0.1345713121207769,-1.0246972897533597,0.36614951268578105,0.6224541715658277,False,False
56,GGACGG,0,6310,7640,4775,8503,5,10463,5196,1,6311,7641,4776,8504,6,10464,5197,5.0952817690818304e-05,0.004185740493374844,0.005228562278807387,0.0030246915143976837,0.005663714928124634,0.00048208259681825486,0.005524578938281942,0.0032810213402123035,0.005472285381737988,0.0034971511159949437,0.7390450519657111,-0.43626578157629126,0.5784939249279829,-0.7896262859820684,0.5938952772449025,-0.7517195347688126,negative_neutral_sequence,negative_neutral_sequence,0.21486592912305758,0.11651392930092863,0.015657338290865574,0.11567906557161726,0.11567906557161724,,,,,
57,GGAGAT,0,2278,4181,2527,4470,0,5461,2988,1,2279,4182,2528,4471,1,5462,2989,5.0952817690818304e-05,0.0015115358238632973,0.002861647356363368,0.001601009243801789,0.002977712775593278,8.034709946970914e-05,0.002883720389993881,0.0018870449847786367,0.002907693507316842,0.001666530017481241,0.507616394788829,-0.9781894293754562,0.5594711871963077,-0.8378642606639992,0.654378625377976,-0.6118024700258244,sequence_from_MA0139.1.CTCF_for_IL2RA_primary_MA0107.1.RELA_primary,variant,-0.32705771867610733,0.06827595461899783,0.15557440303385373,-0.0344024536744186,-0.03440245367441863,-0.20992452904047654,0.8473516510316529,0.9209043132834989,False,False
58,GGATGG,67,14538,18935,17926,22507,4,26217,17337,68,14539,18936,17927,22508,5,26218,17338,0.0034647916029756447,0.00964292204613799,0.012957473538999696,0.011353359459507386,0.014990462794241446,0.0004017354973485457,0.013842069056180807,0.01094599730548411,0.013930001796473983,0.010647426270376495,0.6432704699312083,-0.6365026332534172,0.8762016318486615,-0.19066519333106494,0.7907775391856224,-0.33865620076220754,negative_neutral_sequence,negative_neutral_sequence,0.01462907744593167,0.7154750219519321,0.42872067229747063,0.3862749238984448,0.38627492389844476,,,,,
59,GGCACA,0,10257,18848,10020,19728,0,25180,7179,1,10258,18849,10021,19729,1,25181,7180,5.0952817690818304e-05,0.006803569320399168,0.012897941420395293,0.00634640570891524,0.013139632151572307,8.034709946970914e-05,0.013294573991291818,0.004532948474643898,0.013110715854419806,0.0058943078346527684,0.5177899382506719,-0.9495611639809257,0.4920479557210407,-1.0231291652794354,0.34096229616782453,-1.5523158809725648,sequence_from_MA0139.1.CTCF_for_IL2RA_jurkat,variant,-0.2984294532815769,-0.11698894999643838,-0.7849390079128866,-0.40011913706363395,-0.400119137063634,-1.895154528404005,0.17203212115596322,0.40338566340018966,False,False
60,GGTAAG,0,5954,11940,3538,13152,0,16705,2254,1,5955,11941,3539,13153,1,16706,2255,5.0952817690818304e-05,0.003949625200134241,0.008170954347760634,0.002241286279198786,0.008759976769711113,8.034709946970914e-05,0.00882010853812482,0.0014236488593763219,0.008583679885198855,0.002538186779569783,0.4508716522845861,-1.149211288824295,0.2742992046960882,-1.8661776556493053,0.1614094490133104,-2.6312030575007763,positive_splice,splice,-0.4980795781249461,-0.9600374403663082,-1.8638261844410982,-1.107314400977451,-1.107314400977451,-2.7204927107023598,0.10583337376776318,0.27679497754645754,False,False
61,GGTTTA,2,19372,11056,17796,12674,1,15334,21760,3,19373,11057,17797,12675,2,15335,21761,0.0001528584530724549,0.012849049370646624,0.007566053280561874,0.011271029079090363,0.008441625907100157,0.0001606941989394183,0.00809627465773639,0.013738369325449286,0.008034651281799473,0.012619482591728758,1.5221059914345925,0.6060688240141925,1.4896840745289264,0.5750064028771615,1.696875403346352,0.7628806358448593,sequence_from_MA0777.1.MYBL2_for_IL2RA_jurkat,variant,1.2572005347135413,1.4811466181601585,1.5302575089045374,1.4228682205927459,1.4228682205927459,13.058639236009908,2.4621056165688498e-05,0.00023917597418097398,True,True
62,GTACTG,0,16764,19296,14615,22533,0,26620,11674,1,16765,19297,14616,22534,1,26621,11675,5.0952817690818304e-05,0.011119305874097488,0.0132044976173467,0.009256468001347684,0.015007778949948317,8.034709946970914e-05,0.014054837147936122,0.007370776245329737,0.014089037905077047,0.009248850040258305,0.7409028285385147,-0.4326437534065541,0.701008722148391,-0.5124957001208701,0.5244298576886817,-0.9311782691424412,negative_neutral_sequence,negative_neutral_sequence,0.21848795729279474,0.39364451516212695,-0.163801396082763,0.14944369212405292,0.1494436921240529,,,,,
63,GTTCAA,0,5577,8182,5174,8991,0,11035,4003,1,5578,8183,5175,8992,1,11036,4004,5.0952817690818304e-05,0.0036995817575732654,0.005599440534940564,0.003277382451216083,0.0059887258506228485,8.034709946970914e-05,0.005826572358837875,0.0025278448039657616,0.005804912914800429,0.0031682696709183695,0.6177577417721494,-0.6948869092907256,0.5853053409113257,-0.7727386515667334,0.43384766347773407,-1.204739535455912,sequence_from_MA0139.1.CTCF_for_IL2RA_primary,variant,-0.043755198591376776,0.13340156371626366,-0.4373626623962339,-0.11590543242378233,-0.11590543242378236,-0.6355502656872234,0.5743399770264692,0.778752809569381,False,False
64,T,0,577,1368,492,1320,0,1805,12,1,578,1369,493,1321,1,1806,13,5.0952817690818304e-05,0.00038335572891311356,0.0009367755214876734,0.0003122221349660926,0.0008797939111068486,8.034709946970914e-05,0.0009534967089580646,8.207288324564161e-06,0.0009233553805175288,0.00023459505073459013,0.4357335554082461,-1.1984818768442604,0.33329450631914376,-1.5851305571315106,0.008607568591959474,-6.860178512278399,negative_neutral_SNV,negative_neutral_SNV,-0.5473501661449116,-0.6789903418485136,-6.09280163921872,-2.4397140490707154,-2.4397140490707154,-1.3344495803333876,0.31337986463094347,0.5759889304341758,False,False
65,TAAAGG,2,17940,18788,17765,22667,5,25875,22621,3,17941,18789,17766,22668,6,25876,22622,0.0001528584530724549,0.011899282236038356,0.012856884786875016,0.011251396449913997,0.015097023752437582,0.00048208259681825486,0.013661506556477786,0.014281944344483882,0.013871805031930128,0.012477541010145412,0.7881872898369843,-0.343389609858456,0.8751261784192089,-0.19243705067873912,1.0454150342380728,0.06407581212877926,top_sequence_screen_primary,variant,0.3077421008408928,0.713703164604258,0.8314526851884574,0.6176326502112027,0.6176326502112027,3.567492954364862,0.041296631792313326,0.1337224267560622,False,False
66,TAGTTA,0,7716,11449,5138,12635,2,15549,5744,1,7717,11450,5139,12636,3,15550,5745,5.0952817690818304e-05,0.005118263252634078,0.007834974230119694,0.003254583268946754,0.008415651673539849,0.00024104129840912743,0.008209786170707589,0.003626990109586239,0.00815347069145571,0.0039999455437223575,0.6081838283215445,-0.7174206394369222,0.41539170051578256,-1.2674557033180363,0.4417886208202709,-1.1785718353104842,negative_neutral_sequence,negative_neutral_sequence,-0.06628892873757342,-0.3613154880350392,-0.411194962250806,-0.2795997930078062,-0.27959979300780624,,,,,
67,TATAAT,0,3930,3466,2603,3970,1,4873,2739,1,3931,3467,2604,3971,2,4874,2740,5.0952817690818304e-05,0.002607216903732611,0.002372389140246723,0.0016491408508148174,0.002644709781230353,0.0001606941989394183,0.00257327960103079,0.001729843846869677,0.002530126174169289,0.001995400533805702,0.9858234435536819,-0.02059880519848602,0.6951392681907617,-0.5246260502887207,0.6722331479940018,-0.5729664108140842,correlation_sequence,variant,0.6305329055008628,0.3815141649942764,0.194410462245594,0.40215251091357773,0.4021525109135777,2.790671137166544,0.05995125457709017,0.17724718744531007,False,False
68,TCACAT,0,5198,7299,5540,7750,0,9513,8929,1,5199,7300,5541,7751,1,9514,8930,5.0952817690818304e-05,0.003448211824600826,0.004995223744967141,0.0035091741376209306,0.005162212418614068,8.034709946970914e-05,0.005023016439106881,0.005637775749104458,0.005060150867562697,0.0041983872371087385,0.6679717037925745,-0.582141105455657,0.7025058969894079,-0.5094177592026702,1.1223884726339628,0.16657209710749823,top_sequence_screen_primary,variant,0.06899060524369183,0.39672245608032686,0.9339489701671764,0.4665540104970651,0.466554010497065,1.784239679263711,0.19895476226093078,0.42277886980447793,False,False
69,TGACGG,0,8741,12242,10377,13162,1,16407,8394,1,8742,12243,10378,13163,2,16408,8395,5.0952817690818304e-05,0.00579808958850941,0.0083776060698127,0.006572497599752755,0.008766636829598372,0.0001606941989394183,0.008662776301541487,0.005300014268055087,0.008602339733650852,0.005890200485439084,0.6613812915043543,-0.5964458583024369,0.7845317081016318,-0.35009633769203075,0.6118147443230161,-0.7088332195940921,correlation_sequence,variant,0.05468585239691193,0.5560438775909663,0.0585436534655861,0.22309112781782145,0.22309112781782142,1.237002661986738,0.3112616795785226,0.5759889304341758,False,False
70,TGATGA,0,6922,12580,3217,14538,0,17104,10182,1,6923,12581,3218,14539,1,17105,10183,5.0952817690818304e-05,0.004591646559282846,0.008608891771976932,0.0020379935706306,0.009683061070085142,8.034709946970914e-05,0.009030764787778348,0.00642883207761822,0.00910757254328014,0.004352824069177222,0.4741937003235767,-1.0764515981836484,0.23673123377674876,-2.0786780303776458,0.7118812446891082,-0.49029150255476955,negative_neutral_sequence,negative_neutral_sequence,-0.4253198874842996,-1.1725378150946488,0.2770853705049086,-0.44025744402468,-0.44025744402468003,,,,,
71,TGGAAG,74,36897,39559,19679,44596,0,53451,27527,75,36898,39560,19680,44597,1,53452,27528,0.0038214613268113726,0.024472421601100455,0.027070007034369875,0.012463552973900003,0.02970186907920676,8.034709946970914e-05,0.028220546006216207,0.017379248692200172,0.02833080737326428,0.01810507442240021,0.8239354074263542,-0.2793968533991394,0.460419273555247,-1.1189798676713933,0.615836727197695,-0.6993801856631932,sequence_from_MA0107.1.RELA_for_IL2RA_jurkat,variant,0.37173485730020944,-0.2128396523883963,0.06799668739648501,0.07563063076943272,0.07563063076943269,0.4144428703447988,0.7089658582727826,0.8400201755873618,False,False
72,TGTAGT,0,13349,11013,4622,12864,2,14774,10871,1,13350,11014,4623,12865,3,14775,10872,5.0952817690818304e-05,0.008854323496522605,0.0075366293598723415,0.0029277949897530344,0.008568167044958068,0.00024104129840912743,0.007800616763485827,0.00686381835882012,0.007968471056105412,0.006215312281698586,1.0333976275279233,0.04739547674300462,0.3884753846781483,-1.3641049081664594,0.8799071364394161,-0.1845768221234983,correlation_sequence,variant,0.6985271874423534,-0.4579646928834623,0.5828000509361799,0.27445418183169035,0.2744541818316903,0.7334173450139194,0.5351073979149837,0.773270485737069,False,False
73,TTATCA,1,10228,18596,12058,22586,0,25741,17598,2,10229,18597,12059,22587,1,25742,17599,0.00010190563538163661,0.006784335209432939,0.012725503559610126,0.007637092749606714,0.015043077267350788,8.034709946970914e-05,0.01359075984606783,0.011110774401846513,0.013786446891009581,0.008510734120295389,0.45099384180905144,-1.148820360857258,0.6001407106471073,-0.7366272962451188,0.8175241507972902,-0.2906667444346421,correlation_sequence,variant,-0.4976886501579092,0.16951291903787824,0.4767101286250361,0.04951146583500171,0.049511465835001676,0.1673496652716149,0.8810112057580306,0.9324103552457791,False,False
74,TTGGAA,0,26587,26358,29468,29907,1,36106,18271,1,26588,26359,29469,29908,2,36107,18272,5.0952817690818304e-05,0.017634363530003222,0.018036863382683406,0.018663030619301788,0.01991890711081274,0.0001606941989394183,0.019063070692330476,0.011535659405110489,0.01900628039527554,0.015944351184805167,0.8853077848046502,-0.1757489872450564,1.0347159715818186,0.04923480383527428,0.6051312294483363,-0.7246800540797468,sequence_from_MA0090.1.TEAD1_for_IL2RA_jurkat_MA0090.1.TEAD1_primary_MA0083.2.SRF_jurkat_MA0083.2.SRF_primary,variant,0.47538272345429244,0.9553750191182713,0.042696818979931384,0.49115152051749833,0.4911515205174983,1.8020164182884497,0.19729764635540858,0.42277886980447793,False,False
75,TTGTAA,1,8664,9366,5349,11102,0,12542,5477,2,8665,9367,5350,11103,1,12543,5478,0.00010190563538163661,0.005747019707668043,0.006409624769740714,0.003388211809469767,0.0073946644928231196,8.034709946970914e-05,0.006622208870687156,0.0034584250339971135,0.006808832711083662,0.004197885517044975,0.7771846462061672,-0.3636706950719563,0.5286131296585758,-0.9197158358971481,0.522246443978178,-0.9371973309985481,correlation_sequence,variant,0.2874610156273925,-0.013575620614151074,-0.1698204579388699,0.03468831235812384,0.03468831235812381,0.22963980011080593,0.8322946380967304,0.9209043132834989,False,False
76,TTTGGT,0,3717,2432,4527,2699,0,3325,2856,1,3718,2433,4528,2700,1,3326,2857,5.0952817690818304e-05,0.002465945674911689,0.0016648464892472677,0.0028676304809867486,0.0017982161695597966,8.034709946970914e-05,0.0017559967076381632,0.0018037094417907545,0.0017396864554817424,0.0023790951992297307,1.371328829456223,0.4555745548831767,1.722459397612869,0.7844699756419304,1.0271713118510144,0.03867681471047025,top_sequence_screen_primary,variant,1.1067062655825255,1.6906101909249274,0.8060536877701484,1.201123381425867,1.201123381425867,4.46882413046101,0.035947222221395216,0.12222055555274373,False,False