,ID,2gDNA_count,1cDNA_count,2cDNA_count,neg_gDNA_count,neg_cDNA_count,1gDNA_count,2gDNA_count_pseudocounts,1cDNA_count_pseudocounts,2cDNA_count_pseudocounts,neg_gDNA_count_pseudocounts,neg_cDNA_count_pseudocounts,1gDNA_count_pseudocounts,2gDNA_count_pseudocounts_rel_freq,1cDNA_count_pseudocounts_rel_freq,2cDNA_count_pseudocounts_rel_freq,neg_gDNA_count_pseudocounts_rel_freq,neg_cDNA_count_pseudocounts_rel_freq,1gDNA_count_pseudocounts_rel_freq,gDNA_count_pseudocounts_rel_freq_average_replicates,cDNA_count_pseudocounts_rel_freq_average_replicates,score_1,score_1_log2,score_2,score_2_log2,origin,category,score_1_log2_norm,score_2_log2_norm,score_log2_norm_average,score_log2_norm_average_norm,t_statistic,p_value,q_val,sig_05,sig_01
0,A,2,0,0,0,0,1,3,1,1,1,1,2,2.2515152697765596e-06,7.154882456013572e-07,7.187584454117335e-07,2.2270722907665582e-05,2.9950880555888343e-05,1.1955587383985968e-06,1.7235370040875782e-06,7.171233455065454e-07,0.5984551177800976,-0.7406850411757093,0.3192332093235429,-1.6473173542473687,negative_neutral_SNV,negative_neutral_SNV,-0.7914617858960015,-2.0470173072834457,-1.4192395465897236,-1.4192395465897236,-2.229577415732549,0.25757371825477515,0.6864263996091649,False,False
1,AACTAA,329,300,325,0,0,202,330,301,326,1,1,203,0.00024766667967542153,0.0002153619619260085,0.00023431525320422516,2.2270722907665582e-05,2.9950880555888343e-05,0.00012134921194745758,0.00018450794581143957,0.00022483860756511683,1.7747289699685653,0.8275987183988165,0.9460911476315909,-0.0799489135409505,correlation_sequence,variant,0.7768219736785243,-0.4796488665770273,0.1485865535507485,0.1485865535507485,0.23325906354578904,0.8525033935617449,0.8924644901349517,False,False
2,AACTGT,220,141,295,0,0,230,221,142,296,1,1,231,0.0001658616248735399,0.00010159933087539272,0.00021275249984187313,2.2270722907665582e-05,2.9950880555888343e-05,0.00013808703428503795,0.00015197432957928891,0.00015717591535863292,0.7357630019460939,-0.4426869630870851,1.2827108139335115,0.35919595271130556,negative_neutral_sequence,negative_neutral_sequence,-0.49346370780737725,-0.04050400032477125,-0.2669838540660743,-0.2669838540660743,,,,,
3,AATCGT,339,238,854,0,0,255,340,239,855,1,1,256,0.00025517173057467676,0.00017100169069872437,0.0006145384708270322,2.2270722907665582e-05,2.9950880555888343e-05,0.0001530315185150204,0.00020410162454484858,0.0003927700807628783,1.117427915230026,0.16018176680503912,2.408332887984963,1.2680348201093459,negative_neutral_sequence,negative_neutral_sequence,0.109405022084747,0.8683348670732691,0.48886994457900806,0.48886994457900806,,,,,
4,AATTAT,156,142,296,0,0,181,157,143,297,1,1,182,0.00011782929911830662,0.00010231481912099407,0.0002134712582872849,2.2270722907665582e-05,2.9950880555888343e-05,0.00010879584519427232,0.00011331257215628947,0.0001578930387041395,0.9404294707972961,-0.08860834459601642,1.8116992962246925,0.8573435183829264,correlation_sequence,variant,-0.13938508931630855,0.45764356534684963,0.15912923801527054,0.15912923801527054,0.5027009630506039,0.6887140932784251,0.8334699156485317,False,False
5,ACAATT,202,16,178,0,0,62,203,17,179,1,1,63,0.00015235253325488054,1.216330017522307e-05,0.0001286577617287003,2.2270722907665582e-05,2.9950880555888343e-05,3.76601002595558e-05,9.500631675721817e-05,7.041053095196169e-05,0.3229757778495765,-1.6305021234252863,0.8444740561908498,-0.24387499344713243,top_sequence_screen_jurkat,variant,-1.6812788681455784,-0.6435749464832092,-1.1624269073143938,-1.1624269073143938,-2.195606387323493,0.2564543218772664,0.6864263996091649,False,False
6,ACACGG,151,164,182,0,0,180,152,165,183,1,1,181,0.00011407677366867902,0.00011805556052422393,0.00013153279551034725,2.2270722907665582e-05,2.9950880555888343e-05,0.00010819806582507302,0.00011113741974687601,0.0001247941780172856,1.0911060158421668,0.12579128598690095,1.1530199468330595,0.20541747131424454,correlation_sequence,variant,0.07501454126660884,-0.19428248172183227,-0.059633970227611716,-0.05963397022761171,-0.3488477926349328,0.7539938204186323,0.8334699156485317,False,False
7,AGAACC,204,86,188,0,2,113,205,87,189,1,3,114,0.0001538535434347316,6.224747736731807e-05,0.00013584534618281765,2.2270722907665582e-05,8.985264166766503e-05,6.814684808872003e-05,0.0001110001957617258,9.904641177506786e-05,0.9134314955590962,-0.13063155949172298,0.8829523399338967,-0.17959252881058585,top_sequence_screen_jurkat,variant,-0.1814083042120151,-0.5792924818466627,-0.38035039302933893,-0.38035039302933893,-1.6896936029273155,0.26018055218404096,0.6864263996091649,False,False
8,AGATGA,522,374,650,0,0,493,523,375,651,1,1,494,0.0003925141620310469,0.00026830809210050895,0.00046791174796303856,2.2270722907665582e-05,2.9950880555888343e-05,0.0002953030083844534,0.0003439085852077502,0.0003681099200317738,0.9085857051317272,-0.13830548737714368,1.1920888294624843,0.25349174339248176,sequence_from_MA0777.1.MYBL2_for_IL2RA_jurkat,variant,-0.1890822320974358,-0.14620820964359504,-0.16764522087051542,-0.16764522087051542,-1.5597976945988579,0.13452627751063162,0.6864263996091649,False,False
9,AGCAAT,404,208,760,0,0,303,405,209,761,1,1,304,0.00030395456141983553,0.00014953704333068365,0.0005469751769583293,2.2270722907665582e-05,2.9950880555888343e-05,0.00018172492823658674,0.00024283974482821114,0.0003482561101445065,0.8228757869476341,-0.28125342253841235,1.7995294244090085,0.847619692205346,top_sequence_screen_jurkat,variant,-0.3320301672587045,0.44791973916926925,0.05794478595528238,0.05794478595528239,0.14344675380392677,0.906878934910867,0.9347829021388937,False,False
10,AGGAAT,710,547,1115,0,0,462,711,548,1116,1,1,463,0.0005336091189370447,0.0003920875585895437,0.0008021344250794946,2.2270722907665582e-05,2.9950880555888343e-05,0.0002767718479392752,0.00040519048343815993,0.0005971109918345191,1.4166453759978117,0.5024786585245806,1.5032247325108599,0.5880607086835594,sequence_from_MA0090.1.TEAD1_for_IL2RA_primary,variant,0.4517019138042885,0.18836075564748261,0.3200313347258855,0.3200313347258855,1.8980579590970306,0.16664144227524155,0.6864263996091649,False,False
11,AGGCGG,746,272,1185,0,0,293,747,273,1186,1,1,294,0.0005606273021743634,0.0001953282910491705,0.000852447516258316,2.2270722907665582e-05,2.9950880555888343e-05,0.00017574713454459375,0.0003681872183594786,0.0005238879036537433,1.1114166473058955,0.15239975490777863,1.5205244428020956,0.6045690082305539,negative_neutral_sequence,negative_neutral_sequence,0.10162301018748651,0.20486905519447712,0.1532460326909818,0.1532460326909818,,,,,
12,AGTGGG,686,551,1198,1,0,585,687,552,1199,2,1,586,0.0005155969967788321,0.00039494951157194915,0.0008617913760486685,4.4541445815331164e-05,2.9950880555888343e-05,0.0003502987103507889,0.0004329478535648105,0.0006283704438103089,1.127464931790491,0.17308256118021176,1.671443746632873,0.7410948010699111,sequence_from_MA1715.1.ZNF707_for_IL2RA_jurkat,variant,0.12230581645991964,0.3413948480338343,0.23185033224687696,0.23185033224687696,1.5257223558793136,0.2106864054203204,0.6864263996091649,False,False
13,ATCTGA,276,86,432,1,0,209,277,87,433,2,1,210,0.00020788990990936902,6.224747736731807e-05,0.00031122240686328064,4.4541445815331164e-05,2.9950880555888343e-05,0.00012553366753185268,0.00016671178872061085,0.00018673494211529935,0.4958628118749379,-1.011987062993104,1.4970539310876614,0.5821261951513241,negative_neutral_sequence,negative_neutral_sequence,-1.062763807713396,0.18242624211524733,-0.44016878279907434,-0.44016878279907434,,,,,
14,ATGGAT,659,2674,910,1,1,1054,660,2675,911,2,2,1055,0.0004953333593508431,0.0019139310569836303,0.0006547889437700893,4.4541445815331164e-05,5.9901761111776687e-05,0.0006306572345052599,0.0005629952969280515,0.0012843600003768598,3.0348197915862762,1.6016108514056144,1.3219156986079437,0.4026301760300227,sequence_from_MA0083.2.SRF_for_IL2RA_primary,variant,1.5508341066853224,0.002930222993945908,0.7768821648396341,0.7768821648396341,0.9946192483701379,0.4969197688910988,0.723774445993557,False,False
15,ATGGTA,321,519,898,0,0,546,322,520,899,1,1,547,0.0002416626389560174,0.0003720538877127057,0.0006461638424251485,2.2270722907665582e-05,2.9950880555888343e-05,0.00032698531495201625,0.0002843239769540168,0.0005091088650689271,1.1378305712820866,0.1862857490601883,2.6738259799552644,1.4189055738736178,sequence_from_MA0083.2.SRF_for_IL2RA_jurkat,variant,0.13550900433989618,1.019205620837541,0.5773573125887186,0.5773573125887186,1.2710768750615467,0.40730549422745066,0.6972024641047609,False,False
16,ATTCTA,559,225,829,0,0,175,560,226,830,1,1,176,0.0004202828503582911,0.00016170034350590672,0.0005965695096917389,2.2270722907665582e-05,2.9950880555888343e-05,0.00010520916897907653,0.00026274600966868383,0.00037913492659882284,1.536941552480705,0.620062302602181,1.419447662885039,0.5053296557631083,sequence_from_MA0090.1.TEAD1_for_IL2RA_jurkat,variant,0.5692855578818888,0.10562970272703148,0.3374576303044602,0.3374576303044602,1.3252872105324127,0.3557704416493073,0.6972024641047609,False,False
17,ATTGCG,875,280,1094,0,0,365,876,281,1095,1,1,366,0.0006574424587747554,0.00020105219701398137,0.0007870404977258483,2.2270722907665582e-05,2.9950880555888343e-05,0.00021878724912694324,0.00043811485395084935,0.0004940463473699149,0.9189392792142481,-0.12195855923882591,1.1971245349632857,0.25957324136114984,top_sequence_screen_primary,variant,-0.17273530395911804,-0.14012671167492696,-0.15643100781702252,-0.15643100781702252,-1.4678181498302152,0.15793394665622904,0.6864263996091649,False,False
18,ATTTGA,290,2267,470,0,0,371,291,2268,471,1,1,372,0.0002183969811683263,0.001622727341023878,0.0003385352277889265,2.2270722907665582e-05,2.9950880555888343e-05,0.00022237392534213903,0.00022038545325523266,0.0009806312844064023,7.297291436157318,2.867361072658488,1.5500911504266874,0.6323530531782867,correlation_sequence,variant,2.816584327938196,0.2326531001422099,1.524618714040203,1.524618714040203,1.1761753099023822,0.4465909506948865,0.6972024641047609,False,False
19,C,34,2,30,1,1,49,35,3,31,2,2,50,2.6267678147393195e-05,2.1464647368040715e-06,2.228151180776374e-05,4.4541445815331164e-05,5.9901761111776687e-05,2.9888968459964922e-05,2.807832330367906e-05,1.2213988272283907e-05,0.07181461413361172,-3.799578730229278,0.8482482419168426,-0.23744156008430362,negative_neutral_SNV,negative_neutral_SNV,-3.85035547494957,-0.6371415131203804,-2.2437484940349752,-2.2437484940349752,-1.3935847184713936,0.39481499919224916,0.6972024641047609,False,False
20,CAAGAG,261,199,227,0,1,240,262,200,228,1,2,241,0.0001966323335604862,0.00014309764912027144,0.00016387692555387527,2.2270722907665582e-05,5.9901761111776687e-05,0.0001440648279770309,0.00017034858076875857,0.00015348728733707335,0.9932865025395812,-0.009718187630946168,0.8334179968599364,-0.262887840898921,top_sequence_screen_primary,variant,-0.06049493235123829,-0.6625877939349978,-0.361541363143118,-0.361541363143118,-1.1335807320296476,0.42819997428475703,0.6972024641047609,False,False
21,CATTAG,637,352,826,0,3,321,638,353,827,1,4,322,0.00047882224737248166,0.0002525673506972791,0.0005944132343555037,2.2270722907665582e-05,0.00011980352222355337,0.0001924849568821741,0.00033565360212732786,0.00042349029252639135,1.3121407240768599,0.39192245398085385,1.2414068845324606,0.31197605188019284,negative_neutral_sequence,negative_neutral_sequence,0.3411457092605617,-0.08772390115588397,0.12671090405233887,0.12671090405233887,,,,,
22,CATTCC,565,107,1263,0,0,95,566,108,1264,1,1,96,0.00042478588089784426,7.727273052494657e-05,0.0009085106750004313,2.2270722907665582e-05,2.9950880555888343e-05,5.738681944313265e-05,0.00024108635017048845,0.0004928917027626889,1.3465240150052196,0.42923996026660294,2.1387496992135593,1.0967676518190081,motif_from_MA0090.1.TEAD1,variant,0.3784632155463108,0.6970676987829314,0.5377654571646211,0.5377654571646211,2.815975383116004,0.10377227847460307,0.6864263996091649,False,False
23,CATTCCTCCACATTCC,44,101,70,0,0,68,45,102,71,1,1,69,3.37727290466484e-05,7.297980105133843e-05,5.103184962423308e-05,2.2270722907665582e-05,2.9950880555888343e-05,4.124677647475159e-05,3.7509752760699995e-05,6.200582533778576e-05,1.769345565610723,0.8232158440176169,1.5110371907981028,0.5955391696487948,homodimer_from_MA0090.1.TEAD1,variant,0.7724390992973248,0.19583921661271803,0.4841391579550214,0.4841391579550214,1.5773351980334442,0.3176002744460315,0.6864263996091649,False,False
24,CATTCCTCCACATTCCTCCACATTCC,0,0,0,0,0,2,1,1,1,1,1,3,7.505050899255199e-07,7.154882456013572e-07,7.187584454117335e-07,2.2270722907665582e-05,2.9950880555888343e-05,1.7933381075978953e-06,1.2719215987617076e-06,7.171233455065454e-07,0.39897007852006505,-1.3256475418968656,0.9576996279706286,-0.06235485352621257,homotrimer_from_MA0090.1.TEAD1,variant,-1.3764242866171577,-0.46205480656228937,-0.9192395465897235,-0.9192395465897235,-1.9593353541914318,0.28099567771407813,0.6864263996091649,False,False
25,CCAAATAAGG,431,445,1123,1,1,307,432,446,1124,2,2,308,0.0003242181988478246,0.0003191077575382053,0.0008078844926427886,4.4541445815331164e-05,5.9901761111776687e-05,0.0001841160457133839,0.00025416712228060423,0.0005634961250904969,1.7331881982462567,0.7934283180496939,2.49179255055321,1.3171839645312453,motif_from_MA0083.2.SRF,variant,0.7426515733294018,0.9174840114951686,0.8300677924122852,0.8300677924122852,6.064587037429134,0.0013303019317036978,0.022282557356036937,True,False
26,CCAAATAAGGCAGACCAAATAAGG,12,5,18,0,0,3,13,6,19,1,1,4,9.756566169031758e-06,4.292929473608143e-06,1.3656410462822939e-05,2.2270722907665582e-05,2.9950880555888343e-05,2.3911174767971937e-06,6.073841822914476e-06,8.974669968215541e-06,1.795365353340293,0.8442774595454469,1.3997148408801496,0.4851329417762809,homodimer_from_MA0083.2.SRF,variant,0.7935007148251547,0.08543298874020411,0.4394668517826794,0.4394668517826794,1.1897830997606411,0.42026265276835784,0.6972024641047609,False,False
27,CCAAATAAGGCAGACCAAATAAGGCAGACCAAATAAGG,0,0,0,0,0,0,1,1,1,1,1,1,7.505050899255199e-07,7.154882456013572e-07,7.187584454117335e-07,2.2270722907665582e-05,2.9950880555888343e-05,5.977793691992984e-07,6.741422295624091e-07,7.171233455065454e-07,1.1969102355601953,0.25931495882429073,0.9576996279706286,-0.06235485352621257,homotrimer_from_MA0083.2.SRF,variant,0.20853821410399861,-0.46205480656228937,-0.12675829622914536,-0.12675829622914536,-0.36067409960794145,0.7712706682120741,0.8334699156485317,False,False
28,CCACCAGGGGGCG,449,120,174,0,0,262,450,121,175,1,1,263,0.00033772729046648394,8.657407771776422e-05,0.00012578272794705337,2.2270722907665582e-05,2.9950880555888343e-05,0.0001572159740994155,0.0002474716322829497,0.0001061784028324088,0.5506697281474663,-0.8607407931934171,0.3724387442108,-1.4249249329109208,motif_from_MA0139.1.CTCF,variant,-0.9115175379137093,-1.8246248859469976,-1.3680712119303533,-1.3680712119303533,-2.919835558879286,0.1898710626395225,0.6864263996091649,False,False
29,CCACCAGGGGGCGCTGGCCACCAGGGGGCG,0,5,0,0,0,10,1,6,1,1,1,11,7.505050899255199e-07,4.292929473608143e-06,7.187584454117335e-07,2.2270722907665582e-05,2.9950880555888343e-05,6.575573061192283e-06,3.6630390755589014e-06,2.505843959509938e-06,0.6528601284873792,-0.6151541590918506,0.9576996279706286,-0.06235485352621257,homodimer_from_MA0139.1.CTCF,variant,-0.6659309038121427,-0.46205480656228937,-0.563992855187216,-0.563992855187216,-3.8478745496128353,0.018060991298316523,0.2420172833974414,False,False
30,CCACCAGGGGGCGCTGGCCACCAGGGGGCGCTGGCCACCAGGGGGCG,0,0,0,0,0,2,1,1,1,1,1,3,7.505050899255199e-07,7.154882456013572e-07,7.187584454117335e-07,2.2270722907665582e-05,2.9950880555888343e-05,1.7933381075978953e-06,1.2719215987617076e-06,7.171233455065454e-07,0.39897007852006505,-1.3256475418968656,0.9576996279706286,-0.06235485352621257,homotrimer_from_MA0139.1.CTCF,variant,-1.3764242866171577,-0.46205480656228937,-0.9192395465897235,-0.9192395465897235,-1.9593353541914318,0.28099567771407813,0.6864263996091649,False,False
31,CCAGGA,569,361,1051,1,0,245,570,362,1052,2,1,246,0.00042778790125754635,0.0002590067449076913,0.0007561338845731438,4.4541445815331164e-05,2.9950880555888343e-05,0.0001470537248230274,0.0002874208130402869,0.0005075703147404175,1.7613069320032142,0.8166463405682562,1.7675438747808796,0.8217460267139859,sequence_from_MA1715.1.ZNF707_for_IL2RA_jurkat_MA1715.1.ZNF707_primary,variant,0.7658695958479641,0.4220460736779091,0.5939578347629366,0.5939578347629366,2.9461017865363655,0.10605213702636238,0.6864263996091649,False,False
32,CCAGGT,407,120,623,0,15,131,408,121,624,1,16,132,0.00030620607668961213,8.657407771776422e-05,0.00044850526993692175,2.2270722907665582e-05,0.0004792140888942135,7.890687673430739e-05,0.00019255647671195976,0.000267539673827343,1.097167715930179,0.1337840767404317,1.464717078072726,0.5506220233645402,top_sequence_screen_jurkat,variant,0.08300733202013957,0.15092207032846344,0.11696470117430151,0.11696470117430152,1.0569900521962652,0.3036272713582052,0.6864263996091649,False,False
33,CCCAGG,331,203,597,0,1,214,332,204,598,1,2,215,0.0002491676898552726,0.00014595960210267686,0.0004298175503562167,2.2270722907665582e-05,5.9901761111776687e-05,0.00012852256437784917,0.00018884512711656086,0.0002878885762294468,1.1356729676943247,0.18354745120632585,1.7250131853205903,0.7866073893249679,sequence_from_MA0003.2.TFAP2A_for_IL2RA_jurkat,variant,0.13277070648603373,0.38690743628889107,0.25983907138746243,0.25983907138746243,1.5743913363344497,0.22060710582565388,0.6864263996091649,False,False
34,CCCCACTCCTGGT,115,7,173,0,0,20,116,8,174,1,1,21,8.70585904313603e-05,5.7239059648108574e-06,0.00012506396950164164,2.2270722907665582e-05,2.9950880555888343e-05,1.2553366753185267e-05,4.980597859227278e-05,6.539393773322625e-05,0.4559658040229315,-1.1330024639544696,1.436549441955943,0.5226076471949437,motif_from_MA1715.1.ZNF707,variant,-1.1837792086747616,0.12290769415886688,-0.5304357572579473,-0.5304357572579473,-0.8015315426176233,0.564354937903969,0.7538555152127269,False,False
35,CCCCACTCCTGGTACCCCCACTCCTGGT,0,0,0,0,0,0,1,1,1,1,1,1,7.505050899255199e-07,7.154882456013572e-07,7.187584454117335e-07,2.2270722907665582e-05,2.9950880555888343e-05,5.977793691992984e-07,6.741422295624091e-07,7.171233455065454e-07,1.1969102355601953,0.25931495882429073,0.9576996279706286,-0.06235485352621257,homodimer_from_MA1715.1.ZNF707,variant,0.20853821410399861,-0.46205480656228937,-0.12675829622914536,-0.12675829622914536,-0.36067409960794145,0.7712706682120741,0.8334699156485317,False,False
36,CCCCACTCCTGGTACCCCCACTCCTGGTACCCCCACTCCTGGT,0,0,0,0,0,0,1,1,1,1,1,1,7.505050899255199e-07,7.154882456013572e-07,7.187584454117335e-07,2.2270722907665582e-05,2.9950880555888343e-05,5.977793691992984e-07,6.741422295624091e-07,7.171233455065454e-07,1.1969102355601953,0.25931495882429073,0.9576996279706286,-0.06235485352621257,homotrimer_from_MA1715.1.ZNF707,variant,0.20853821410399861,-0.46205480656228937,-0.12675829622914536,-0.12675829622914536,-0.36067409960794145,0.7712706682120741,0.8334699156485317,False,False
37,CCGTTAAAC,56,85,120,0,0,45,57,86,121,1,1,46,4.2778790125754635e-05,6.153198912171672e-05,8.696977189481976e-05,2.2270722907665582e-05,2.9950880555888343e-05,2.749785098316773e-05,3.5138320554461184e-05,7.425088050826824e-05,2.2377017447429735,1.1620177574693755,2.033011490955194,1.0236183695836403,motif_from_MA0777.1.MYBL2,variant,1.1112410127490835,0.6239184165475635,0.8675797146483235,0.8675797146483235,3.268352462841095,0.1286344625542775,0.6864263996091649,False,False
38,CCGTTAAACGGAACCGTTAAAC,5,47,10,0,0,48,6,48,11,1,1,49,4.503030539553119e-06,3.4343435788865145e-05,7.90634289952907e-06,2.2270722907665582e-05,2.9950880555888343e-05,2.9291189090765623e-05,1.689710981515937e-05,2.1124889344197108e-05,1.1724834960589667,0.22956761543023863,1.755782651279486,0.8121142643899288,homodimer_from_MA0777.1.MYBL2,variant,0.1787908707099465,0.41241431135385204,0.2956025910318993,0.2956025910318993,1.8794621350935965,0.15165421305269364,0.6864263996091649,False,False
39,CCGTTAAACGGAACCGTTAAACGGAACCGTTAAAC,0,0,0,0,0,0,1,1,1,1,1,1,7.505050899255199e-07,7.154882456013572e-07,7.187584454117335e-07,2.2270722907665582e-05,2.9950880555888343e-05,5.977793691992984e-07,6.741422295624091e-07,7.171233455065454e-07,1.1969102355601953,0.25931495882429073,0.9576996279706286,-0.06235485352621257,homotrimer_from_MA0777.1.MYBL2,variant,0.20853821410399861,-0.46205480656228937,-0.12675829622914536,-0.12675829622914536,-0.36067409960794145,0.7712706682120741,0.8334699156485317,False,False
40,CCTCAGGG,444,695,958,0,0,502,445,696,959,1,1,503,0.00033397476501685635,0.0004979798189385445,0.0006892893491498525,2.2270722907665582e-05,2.9950880555888343e-05,0.0003006830227072471,0.0003173288938620517,0.0005936345840441985,1.656162075447109,0.7278438648674916,2.0638965016265907,1.0453706256381583,motif_from_MA0003.2.TFAP2A,variant,0.6770671201471995,0.6456706726020816,0.6613688963746405,0.6613688963746405,6.211039806172982,4.925503365088854e-06,0.0003300087254609532,True,True
41,CCTCAGGGCATGCCTCAGGG,0,1,0,0,0,0,1,2,1,1,1,1,7.505050899255199e-07,1.4309764912027144e-06,7.187584454117335e-07,2.2270722907665582e-05,2.9950880555888343e-05,5.977793691992984e-07,6.741422295624091e-07,1.074867468307224e-06,2.3938204711203905,1.2593149588242907,0.9576996279706286,-0.06235485352621257,homodimer_from_MA0003.2.TFAP2A,variant,1.2085382141039986,-0.46205480656228937,0.37324170377085464,0.37324170377085464,0.4433273309795502,0.7325180975563362,0.8334699156485317,False,False
42,CCTCAGGGCATGCCTCAGGGCATGCCTCAGGG,76,19,30,0,0,19,77,20,31,1,1,20,5.778889192426503e-05,1.4309764912027144e-05,2.228151180776374e-05,2.2270722907665582e-05,2.9950880555888343e-05,1.1955587383985968e-05,3.48722396541255e-05,1.829563835989544e-05,1.1969102355601953,0.25931495882429073,0.3855673826894739,-1.3749450838342385,homotrimer_from_MA0003.2.TFAP2A,variant,0.20853821410399861,-1.7746450368703153,-0.7830534113831583,-0.7830534113831583,-0.7852764940179612,0.5738303175499861,0.7538555152127269,False,False
43,CGAAAT,325,135,760,0,0,134,326,136,761,1,1,135,0.0002446646593157195,9.730640140178457e-05,0.0005469751769583293,2.2270722907665582e-05,2.9950880555888343e-05,8.070021484190529e-05,0.0001626824370788124,0.0003221407891800569,1.2057762373050853,0.26996220302379886,2.2356117082381854,1.1606696357462556,sequence_from_MA0107.1.RELA_for_IL2RA_primary,variant,0.21918545830350675,0.7609696827101788,0.4900775705068428,0.4900775705068428,1.6861706559065024,0.2925301968674831,0.6864263996091649,False,False
44,CGAGGA,375,114,498,0,0,143,376,115,499,1,1,144,0.0002821899138119955,8.228114824415607e-05,0.00035866046426045507,2.2270722907665582e-05,2.9950880555888343e-05,8.608022916469898e-05,0.00018413507148834724,0.00022047080625230557,0.9558658131209891,-0.06511999167364678,1.2709896658439992,0.3459523001334107,correlation_sequence,variant,-0.11589673639393891,-0.05374765290266609,-0.0848221946483025,-0.08482219464830248,-0.7724597198069945,0.4490451918268137,0.6972024641047609,False,False
45,CGTTAT,211,220,325,0,1,175,212,221,326,1,2,176,0.00015910707906421022,0.00015812290227789992,0.00023431525320422516,2.2270722907665582e-05,5.9901761111776687e-05,0.00010520916897907653,0.00013215812402164338,0.00019621907774106253,1.502938420788654,0.5877858995784248,1.472689050558608,0.5584528461416658,sequence_from_MA1715.1.ZNF707_for_IL2RA_primary_MA0777.1.MYBL2_primary,variant,0.5370091548581326,0.158752893105589,0.3478810239818608,0.3478810239818608,1.6070233036764432,0.2696633606997544,0.6864263996091649,False,False
46,CGTTCA,487,43,551,0,0,141,488,44,552,1,1,142,0.0003662464838836537,3.1481482806459714e-05,0.00039675466186727694,2.2270722907665582e-05,2.9950880555888343e-05,8.488467042630038e-05,0.00022556557715497705,0.00021411807233686833,0.3708735941172435,-1.4310005420430945,1.0832995791798914,0.11543226568907029,sequence_from_MA0777.1.MYBL2_for_IL2RA_primary,variant,-1.4817772867633865,-0.2842676873470065,-0.8830224870551965,-0.8830224870551965,-1.4524664118647233,0.3735625324662402,0.6972024641047609,False,False
47,CTGAGG,289,305,241,0,0,373,290,306,242,1,1,374,0.00021764647607840076,0.0002189394031540153,0.00017393954378963953,2.2270722907665582e-05,2.9950880555888343e-05,0.00022356948408053763,0.00022060798007946918,0.0001964394734718274,0.9792901927310688,-0.03019165837069433,0.7991838274789383,-0.3234007062665525,sequence_from_MA0003.2.TFAP2A_for_IL2RA_primary,variant,-0.08096840309098645,-0.7231006593026292,-0.4020345311968078,-0.4020345311968078,-1.1898074535541852,0.41543408567032436,0.6972024641047609,False,False
48,CTGGGG,426,419,875,0,0,349,427,420,876,1,1,350,0.000320465673398197,0.00030050506315257,0.0006296323981806786,2.2270722907665582e-05,2.9950880555888343e-05,0.00020922277921975446,0.0002648442263089757,0.00046506873066662433,1.436292282672234,0.5223493646580841,1.9647420939163247,0.9743399464544705,sequence_from_MA0003.2.TFAP2A_for_IL2RA_jurkat_MA0003.2.TFAP2A_primary,variant,0.471572619937792,0.5746399934183937,0.5231063066780928,0.5231063066780928,4.461410674208202,0.0005401505195719816,0.012063361603774256,True,False
49,CTTTCA,469,248,589,0,0,318,470,249,590,1,1,319,0.00035273739226499435,0.00017815657315473792,0.0004240674827929228,2.2270722907665582e-05,2.9950880555888343e-05,0.0001906916187745762,0.00027171450551978526,0.00030111202797383036,0.9342653562836633,-0.09809572287249796,1.2022186819205762,0.26569934415799124,top_sequence_screen_jurkat,variant,-0.14887246759279008,-0.13400060887808557,-0.14143653823543784,-0.14143653823543784,-1.3395963259889632,0.19603384172498758,0.6864263996091649,False,False
50,G,0,40,0,0,0,50,1,41,1,1,1,51,7.505050899255199e-07,2.933501806965564e-05,7.187584454117335e-07,2.2270722907665582e-05,2.9950880555888343e-05,3.048674782916422e-05,1.561862645954487e-05,1.5026888257533687e-05,0.9622219540778039,-0.055558378529121454,0.9576996279706286,-0.06235485352621257,negative_neutral_SNV,negative_neutral_SNV,-0.10633512324941358,-0.46205480656228937,-0.2841949649058515,-0.2841949649058515,-1.3748928772029252,0.3145116311177835,0.6864263996091649,False,False
51,GAAAAT,350,559,1169,2,1,449,351,560,1170,3,2,450,0.0002634272865638575,0.00040067341753676,0.0008409473811317283,6.681216872299675e-05,5.9901761111776687e-05,0.0002690007161396843,0.0002662140013517709,0.0006208103993342441,1.489488293141576,0.5748167845522199,3.1923320932354287,1.6746107406399937,sequence_from_MA0107.1.RELA_for_IL2RA_jurkat,variant,0.5240400398319277,1.274910787603917,0.8994754137179224,0.8994754137179224,2.3067728771741502,0.23145934681590613,0.6864263996091649,False,False
52,GGAATTTCC,368,48,680,0,0,124,369,49,681,1,1,125,0.00027693637818251686,3.50589240344665e-05,0.0004894745013253905,2.2270722907665582e-05,2.9950880555888343e-05,7.47224211499123e-05,0.00017582939966621458,0.0002622667126799285,0.4691888123395965,-1.0917594817225884,1.7674619150352249,0.8216791284254623,motif_from_MA0107.1.RELA,variant,-1.1425362264428804,0.4219791753893855,-0.36027852552674744,-0.36027852552674744,-0.45644414381054643,0.725255276277817,0.8334699156485317,False,False
53,GGAATTTCCGGGAATTTCC,233,153,281,0,0,104,234,154,282,1,1,105,0.00017561819104257165,0.000110185189822609,0.00020268988160610887,2.2270722907665582e-05,2.9950880555888343e-05,6.276683376592634e-05,0.000119192512404249,0.00015643753571435893,1.755468345488286,0.8118559818530691,1.1541508337081936,0.2068317792891767,homodimer_from_MA0107.1.RELA,variant,0.7610792371327769,-0.1928681737469001,0.2841055316929384,0.2841055316929384,0.5816316739137067,0.6573607745994765,0.8334699156485317,False,False
54,GGAATTTCCGGGAATTTCCGGGAATTTCC,7,4,150,0,0,0,8,5,151,1,1,1,6.004040719404159e-06,3.577441228006786e-06,0.00010853252525717177,2.2270722907665582e-05,2.9950880555888343e-05,5.977793691992984e-07,3.300910044301729e-06,5.605498324258928e-05,5.984551177800976,2.581243053711653,18.076580477945615,4.176049885798866,homotrimer_from_MA0107.1.RELA,variant,2.530466308991361,3.7763499327627894,3.1534081208770752,3.1534081208770752,4.99129050648921,0.11590730076465361,0.6864263996091649,False,False
55,GGACCA,588,366,949,0,0,416,589,367,950,1,1,417,0.0004420474979661312,0.00026258418613569806,0.0006828205231411469,2.2270722907665582e-05,2.9950880555888343e-05,0.00024927399695610745,0.00034566074746111933,0.0004727023546384225,1.0533958188263588,0.0750476382228397,1.5446768193074656,0.6273050258616371,sequence_from_MA0139.1.CTCF_for_IL2RA_jurkat,variant,0.02427089350254758,0.22760507282556025,0.1259379831640539,0.1259379831640539,0.8603246710368343,0.43753506888268434,0.6972024641047609,False,False
56,GGACGG,362,142,518,0,0,133,363,143,519,1,1,134,0.0002724333476429637,0.00010231481912099407,0.00037303563316868976,2.2270722907665582e-05,2.9950880555888343e-05,8.010243547270599e-05,0.00017626789155783485,0.0002376752261448419,1.2772997289933425,0.3530971051449075,1.369273021809246,0.4534101368359177,negative_neutral_sequence,negative_neutral_sequence,0.30232036042461535,0.05371018379984088,0.17801527211222812,0.17801527211222812,,,,,
57,GGAGAT,265,217,200,0,0,90,266,218,201,1,1,91,0.0001996343539201883,0.00015597643754109586,0.00014447044752775845,2.2270722907665582e-05,2.9950880555888343e-05,5.439792259713616e-05,0.00012701613825866223,0.00015022344253442715,2.867323421451896,1.5197046434025205,0.723675282789836,-0.46658559784847337,sequence_from_MA0139.1.CTCF_for_IL2RA_primary_MA0107.1.RELA_primary,variant,1.4689278986822285,-0.8662855508845502,0.30132117389883917,0.30132117389883917,0.25702386745297595,0.8393145573718113,0.8924644901349517,False,False
58,GGATGG,762,601,1028,0,1,342,763,602,1029,1,2,343,0.0005726353836131717,0.000430723923852017,0.0007396024403286738,2.2270722907665582e-05,5.9901761111776687e-05,0.00020503832363535937,0.0003888368536242655,0.0005851631820903454,2.1006995971056486,1.0708698694111802,1.291576562492499,0.3691331665332255,negative_neutral_sequence,negative_neutral_sequence,1.0200931246908882,-0.03056678650285133,0.4947631690940184,0.4947631690940184,,,,,
59,GGCACA,515,1752,550,0,0,899,516,1753,551,1,1,900,0.00038726062640156826,0.001254250894539179,0.0003960359034218652,2.2270722907665582e-05,2.9950880555888343e-05,0.0005380014322793686,0.00046263102934046845,0.0008251433989805221,2.331315158818913,1.2211440483667915,1.0226598740539077,0.032326399621690975,sequence_from_MA0139.1.CTCF_for_IL2RA_jurkat,variant,1.1703673036464994,-0.3673735534143858,0.4014968751160568,0.4014968751160568,0.5173594227032186,0.69351356004373,0.8334699156485317,False,False
60,GGTAAG,364,56,349,2,0,150,365,57,350,3,1,151,0.00027393435782281476,4.078282999927736e-05,0.00025156545589410673,6.681216872299675e-05,2.9950880555888343e-05,9.026468474909407e-05,0.00018209952128595442,0.00014617414294669205,0.4518137975293452,-1.1461997663360466,0.9183421090129315,-0.12289639546126345,positive_splice,splice,-1.1969765110563386,-0.5225963484973403,-0.8597864297768394,-0.8597864297768394,-2.433895383086881,0.21279562344224937,0.6864263996091649,False,False
61,GGTTTA,463,372,512,0,0,355,464,373,513,1,1,356,0.0003482343617254412,0.0002668771156093062,0.00036872308249621933,2.2270722907665582e-05,2.9950880555888343e-05,0.00021280945543495025,0.0002805219085801957,0.00031780009905276276,1.2540660614155976,0.3266133481131305,1.0588360110968373,0.08247916695326955,sequence_from_MA0777.1.MYBL2_for_IL2RA_jurkat,variant,0.27583660339283833,-0.31722078608280724,-0.020692091344984453,-0.020692091344984447,-0.06575667040272924,0.9563907000757071,0.9623080923601195,False,False
62,GTACTG,789,330,746,0,0,349,790,331,747,1,1,350,0.0005928990210411607,0.0002368266092940492,0.000536912558722565,2.2270722907665582e-05,2.9950880555888343e-05,0.00020922277921975446,0.0004010609001304576,0.0003868695840083071,1.1319351084869274,0.17879125379917937,0.9055716735367844,-0.14309926380144053,negative_neutral_sequence,negative_neutral_sequence,0.12801450907888726,-0.5427992168375173,-0.20739235387931504,-0.20739235387931504,,,,,
63,GTTCAA,361,579,881,0,0,649,362,580,882,1,1,650,0.0002716828425530382,0.00041498318244878715,0.000633944948853149,2.2270722907665582e-05,2.9950880555888343e-05,0.000388556589979544,0.0003301197162662911,0.000524464065650968,1.068012210192174,0.0949281409234081,2.3334007510223604,1.222434104948103,sequence_from_MA0139.1.CTCF_for_IL2RA_primary,variant,0.04415139620311597,0.8227341519120261,0.43344277405757103,0.43344277405757103,1.0747765428715967,0.4578643047852161,0.6972024641047609,False,False
64,T,24,1,2,0,0,51,25,2,3,1,1,52,1.8762627248137996e-05,1.4309764912027144e-06,2.1562753362352006e-06,2.2270722907665582e-05,2.9950880555888343e-05,3.108452719836352e-05,2.4923577223250756e-05,1.7936259137189575e-06,0.04603500906000751,-4.441124759316802,0.11492395535647544,-3.121248542579781,negative_neutral_SNV,negative_neutral_SNV,-4.491901504037094,-3.520948495615858,-4.006424999826476,-4.006424999826476,-8.064963377307778,0.06557585449603284,0.6864263996091649,False,False
65,TAAAGG,388,158,938,1,0,231,389,159,939,2,1,232,0.0002919464799810272,0.00011376263105061579,0.0006749141802416178,4.4541445815331164e-05,2.9950880555888343e-05,0.00013868481365423725,0.00021531564681763222,0.0003943384056461168,0.8202962390261681,-0.28578308101892647,2.3117736520936254,1.20900014914137,top_sequence_screen_primary,variant,-0.3365598257392186,0.8093001961052932,0.23637018518303732,0.23637018518303732,0.4057649782220659,0.751139638892858,0.8334699156485317,False,False
66,TAGTTA,331,136,366,0,0,220,332,137,367,1,1,221,0.0002491676898552726,9.802188964738593e-05,0.0002637843494661062,2.2270722907665582e-05,2.9950880555888343e-05,0.00013210924059304496,0.00019063846522415876,0.00018090311955674607,0.7419760283789444,-0.4305555176066146,1.0586619381482552,0.08224196797007555,negative_neutral_sequence,negative_neutral_sequence,-0.48133226232690673,-0.31745798506600126,-0.399395123696454,-0.399395123696454,,,,,
67,TATAAT,270,664,648,0,0,762,271,665,649,1,1,763,0.00020338687936981588,0.0004757996833249025,0.0004664742310722151,2.2270722907665582e-05,2.9950880555888343e-05,0.0004561056586990647,0.0003297462690344403,0.00047113695719855884,1.0431786456717298,0.06098624237831215,2.293531581376155,1.1975707731190546,correlation_sequence,variant,0.010209497658020025,0.7978708200829778,0.40404015887049893,0.40404015887049893,0.9910963888274329,0.4852598189121521,0.7224979526025375,False,False
68,TCACAT,90,2102,154,0,0,585,91,2103,155,1,1,586,6.82959631832223e-05,0.001504671780499654,0.00011140755903881871,2.2270722907665582e-05,2.9950880555888343e-05,0.0003502987103507889,0.0002092973367670056,0.0008080396697692364,4.295396289049642,2.102791239133822,1.6312466190708512,0.705974911549329,top_sequence_screen_primary,variant,2.05201449441353,0.3062749585132522,1.179144726463391,1.179144726463391,1.3411554300022033,0.4031798530686774,0.6972024641047609,False,False
69,TGACGG,348,59,326,1,0,105,349,60,327,2,1,106,0.00026192627638400645,4.292929473608143e-05,0.0002350340116496369,4.4541445815331164e-05,2.9950880555888343e-05,6.336461313512564e-05,0.00016264544475956603,0.00013898165319285917,0.6774963597510538,-0.5617149001303902,0.8973288777833683,-0.15629125423778223,correlation_sequence,variant,-0.6124916448506823,-0.5559912072738591,-0.5842414260622707,-0.5842414260622707,-5.357932980321651,3.0978663746989765e-05,0.001037785235524157,True,True
70,TGATGA,260,218,293,0,0,246,261,219,294,1,1,247,0.0001958818284705607,0.0001566919257866972,0.00021131498295104967,2.2270722907665582e-05,2.9950880555888343e-05,0.0001476515041922267,0.00017176666633139372,0.00018400345436887344,1.061228103593857,0.08573478684078614,1.0787880866795587,0.10941149474026747,negative_neutral_sequence,negative_neutral_sequence,0.03495804212049402,-0.29028845829580935,-0.12766520808765766,-0.12766520808765766,,,,,
71,TGGAAG,849,1179,1551,0,1,742,850,1180,1552,1,2,743,0.0006379293264366919,0.0008442761298096015,0.0011155131072790106,2.2270722907665582e-05,5.9901761111776687e-05,0.00044415007131507877,0.0005410396988758853,0.000979894618544306,1.9008803202705655,0.9266677025348978,1.7486468501299008,0.8062389576358512,sequence_from_MA0107.1.RELA_for_IL2RA_jurkat,variant,0.8758909578146057,0.4065390045997744,0.64121498120719,0.64121498120719,2.4928124997337644,0.1768637972159272,0.6864263996091649,False,False
72,TGTAGT,564,383,570,0,0,312,565,384,571,1,1,313,0.0004240353758079187,0.00027474748631092116,0.0004104110723300999,2.2270722907665582e-05,2.9950880555888343e-05,0.0001871049425593804,0.00030557015918364957,0.0003425792793205105,1.4684138353198561,0.5542586126128285,0.9678698895066,-0.047114975465919584,correlation_sequence,variant,0.5034818678925363,-0.4468149285019964,0.02833346969526998,0.028333469695269987,0.05821777356284043,0.9623080923601195,0.9623080923601195,False,False
73,TTATCA,301,225,417,0,0,298,302,226,418,1,1,299,0.000226652537157507,0.00016170034350590672,0.0003004410301821046,2.2270722907665582e-05,2.9950880555888343e-05,0.00017873603139059025,0.00020269428427404862,0.00023107068684400566,0.9046880041357996,-0.14450775295862683,1.3255577632176252,0.4065995392295915,correlation_sequence,variant,-0.19528449767891895,0.006899586193514717,-0.09419245574270212,-0.0941924557427021,-0.6452180868932527,0.5531612918442861,0.7538555152127269,False,False
74,TTGGAA,900,349,1532,0,1,407,901,350,1533,1,2,408,0.0006762050860228934,0.000250420885960475,0.0011018566968161877,2.2270722907665582e-05,5.9901761111776687e-05,0.00024389398263331377,0.0004600495343281036,0.0006761387913883313,1.0267612314854615,0.03810072868512374,1.6294711761142884,0.7044038323190266,sequence_from_MA0090.1.TEAD1_for_IL2RA_jurkat_MA0090.1.TEAD1_primary_MA0083.2.SRF_jurkat_MA0083.2.SRF_primary,variant,-0.01267601603516838,0.3047038792829498,0.1460139316238907,0.1460139316238907,0.7666421104429516,0.5215910789789765,0.7435447296083282,False,False
75,TTGTAA,541,601,576,1,0,681,542,602,577,2,1,682,0.00040677375873963175,0.000430723923852017,0.0004147236230025703,4.4541445815331164e-05,2.9950880555888343e-05,0.00040768552979392154,0.00040722964426677665,0.00042272377342729363,1.0565102079285007,0.07930670655982014,1.0195436998875513,0.027923613765398706,correlation_sequence,variant,0.028529961839528016,-0.3717763392706781,-0.17162318871557505,-0.17162318871557505,-0.7588196396369349,0.542580867003882,0.7538555152127269,False,False
76,TTTGGT,219,73,321,1,0,79,220,74,322,2,1,80,0.00016511111978361438,5.294613017450043e-05,0.00023144021942257822,4.4541445815331164e-05,2.9950880555888343e-05,4.7822349535943874e-05,0.00010646673465977913,0.00014219317479853932,1.1071419678931804,0.1468402295658779,1.4017240009388292,0.48720231106374495,top_sequence_screen_primary,variant,0.09606348484558577,0.08750235802766815,0.09178292143662696,0.09178292143662697,0.870754162413978,0.39472259588555547,0.6972024641047609,False,False
