,Insertion name,Insert,IL2RA_jurkat_score,AG_RNA_SEQ_jurkat,enformer_CAGE_jurkat,borzoi_IL2RA_RNA_jurkat,IL2RA_primary_score,AG_RNA_SEQ_primary,enformer_CAGE_primary,borzoi_IL2RA_RNA_primary
1,6-bp sequence,AACTAA,0.702924233300311,0.004740715,-871.2437744140625,-0.3875,0.1485865535507485,0.0253313165,-1493.7317692683291,-0.18712016129032258
4,6-bp sequence,AATTAT,0.4662793308029798,-0.098997116,-1032.5048828125,-0.5327,0.1591292380152705,-0.0576607695,-2103.705378605769,-0.31176290322580646
6,6-bp sequence,ACACGG,0.738698178079304,0.09497261,-595.0963134765625,-0.1887,-0.0596339702276117,0.0482531625,-443.1591380192683,0.01900564516129032
18,6-bp sequence,ATTTGA,-0.1045488527037756,0.027626514,-827.50537109375,-0.4055,1.524618714040203,-0.029024247,-1209.8481967632588,-0.32044516129032263
44,6-bp sequence,CGAGGA,0.1963689173108332,0.049221516,-674.4984130859375,-0.2869,-0.0848221946483024,0.00524606975,-392.65793616955096,-0.05243943548387097
67,6-bp sequence,TATAAT,0.4021525109135777,-0.05554986,-1029.687744140625,-0.4766,0.4040401588704989,-0.034489966999999996,-2153.460655799279,-0.25568709677419355
69,6-bp sequence,TGACGG,0.2230911278178214,0.0686934,-669.3453369140625,-0.1699,-0.5842414260622707,0.0447995965,-878.8404141939603,0.05756412903225806
72,6-bp sequence,TGTAGT,0.2744541818316903,0.15786386,-635.3762817382812,-0.173,0.0283334696952699,0.093405345,-693.1451671306903,0.03205150064516129
73,6-bp sequence,TTATCA,0.0495114658350017,-0.01735115,-824.9722900390625,-0.3699,-0.0941924557427021,-0.00451605465,-1260.8136314978967,-0.15420000000000003
75,6-bp sequence,TTGTAA,0.0346883123581238,0.12926197,-761.3881225585938,-0.2803,-0.171623188715575,0.0206432065,-1184.6628159743088,-0.2647677419354839
55,CTCF 6-bp sequence,GGACCA,-0.1345713121207768,-0.060130358,-824.3893432617188,-0.388,0.1259379831640539,-0.067139427,-1235.008804321289,-0.11534370967741935
59,CTCF 6-bp sequence,GGCACA,-0.400119137063634,0.13856816,-242.45217895507812,-0.1174,0.4014968751160568,0.11838367999999999,1227.842266376202,0.12302306451612902
63,CTCF 6-bp sequence,GTTCAA,-0.1159054324237823,-0.034787655,-619.5162353515625,-0.2515,0.4334427740575709,0.045756096,-78.54248905181885,0.016814016129032258
28,CTCF motif x1,CCACCAGGGGGCG,-6.991828172684838,0.25477695,181.7733917236328,-0.673,-1.3680712119303533,-0.4885596,-7842.342510516827,-1.5102096774193547
29,CTCF motif x2,CCACCAGGGGGCGCTGGCCACCAGGGGGCG,-8.9707581584077,-0.010396719,-1709.6905517578125,-0.72,-0.563992855187216,-0.689202995,-11414.48298527644,-1.5957499999999998
30,CTCF motif x3,CCACCAGGGGGCGCTGGCCACCAGGGGGCGCTGGCCACCAGGGGGCG,-5.529621640099021,0.045538902,-959.8987426757812,-1.297,-0.9192395465897236,-0.52528805,-10276.246920072115,-2.1734032258064513
8,MYBL2 6-bp sequence,AGATGA,-0.2310808630740944,-0.06313348,-782.6838989257812,-0.3586,-0.1676452208705154,-0.0022348937499999996,-1343.473241659311,-0.17292870967741938
45,MYBL2 6-bp sequence,CGTTAT,2.5566786663522683,0.38692927,-747.4197387695312,-0.3555,0.3478810239818608,-0.0346558745,-969.3185387758108,-0.10855758064516129
46,MYBL2 6-bp sequence,CGTTCA,0.531175410321928,0.0040442944,-735.8783569335938,-0.3816,-0.8830224870551965,-0.069116317,-1162.4407105079065,-0.09650193548387095
61,MYBL2 6-bp sequence,GGTTTA,1.422868220592746,0.24046278,-617.4954833984375,-0.2474,-0.0206920913449844,0.039574489,-322.5949686719821,-0.057920629032258066
37,MYBL2 motif x1,CCGTTAAAC,0.5036423123412109,0.13194847,-339.8749694824219,-0.1425,0.8675797146483235,0.0392667655,927.1025390625,0.042367370967741944
38,MYBL2 motif x2,CCGTTAAACGGAACCGTTAAAC,3.181376423444038,0.82613397,618.7511596679688,0.574,0.2956025910318992,-0.00139235785,1125.1790451636682,0.20545403225806452
39,MYBL2 motif x3,CCGTTAAACGGAACCGTTAAACGGAACCGTTAAAC,1.257467548411144,2.055798,2378.461669921875,1.879,-0.1267582962291454,-0.21361387,-1980.86232816256,0.26496217741935485
43,RELA 6-bp sequence,CGAAAT,0.3123343098672592,-0.03391075,-1010.5513916015624,-0.3896,0.4900775705068428,-0.044376805,-1754.9859900841343,-0.14943693548387096
51,RELA 6-bp sequence,GAAAAT,0.410578733682816,-0.07274771,-1036.6712646484375,-0.4304,0.8994754137179224,-0.040072001999999995,-1441.7821561373198,-0.15789096774193548
57,RELA 6-bp sequence,GGAGAT,-0.0344024536744186,-0.049038887,-843.1900634765625,-0.3428,0.3013211738988391,-0.0353403065,-1066.593778170072,-0.08767866129032258
71,RELA 6-bp sequence,TGGAAG,0.0756306307694326,-0.089363575,-843.5243530273438,-0.435,0.64121498120719,-0.153274505,-1508.1011446439302,-0.24787258064516124
52,RELA motif x1,GGAATTTCC,-0.1570383027750489,-0.16731548,-328.394775390625,-0.4746,-0.3602785255267474,-0.2219594,480.7288114107572,-0.2321306451612903
53,RELA motif x2,GGAATTTCCGGGAATTTCC,0.63277791012391,-0.2752669,610.1681518554688,-0.01083,0.2841055316929384,-0.445896655,-3818.172419621394,-0.5170177419354839
54,RELA motif x3,GGAATTTCCGGGAATTTCCGGGAATTTCC,0.5368110676027732,-0.46283102,-1431.28857421875,-0.599,3.1534081208770752,-0.83601585,-9492.764498197115,-1.696225806451613
14,SRF 6-bp sequence,ATGGAT,1.4000504351199217,-0.03247428,-840.3607788085938,-0.5024,0.7768821648396341,-0.0287317305,-1380.7587503286509,-0.2380338709677419
15,SRF 6-bp sequence,ATGGTA,0.388232353407477,-0.0058836937,-883.9945678710938,-0.358,0.5773573125887186,0.060806635,-1588.7369478665864,-0.1443166129032258
74,SRF 6-bp sequence,TTGGAA,0.4911515205174984,-0.055568457,-1013.8535766601562,-0.523,0.1460139316238907,-0.09828321200000001,-2203.953331580529,-0.3171403225806452
25,SRF motif x1,CCAAATAAGG,0.5009380104472023,-0.07451463,-905.803955078125,-0.07324,0.8300677924122852,0.12575337,584.3093965970553,0.08099983870967743
26,SRF motif x2,CCAAATAAGGCAGACCAAATAAGG,1.1887636044724803,0.17647481,649.465576171875,0.63,0.4394668517826794,0.210611065,1789.8533512995791,0.5759580645161291
27,SRF motif x3,CCAAATAAGGCAGACCAAATAAGGCAGACCAAATAAGG,-3.4409834278792246,0.53175616,-284.153564453125,0.4185,-0.1267582962291454,0.338427185,221.3023250286396,0.38342645161290323
10,TEAD1 6-bp sequence,AGGAAT,-0.0058566678996691,-0.295475,-1162.1341552734375,-0.661,0.3200313347258856,-0.26559752,-2981.5663780799277,-0.4487403225806452
16,TEAD1 6-bp sequence,ATTCTA,-0.0309606060201672,-0.044214487,-929.8610229492188,-0.4294,0.3374576303044602,-0.0032109780000000006,-1388.1993267352764,-0.21206290322580648
22,TEAD1 motif x1,CATTCC,-0.0377839359195104,-0.13134432,-887.6188354492188,-0.4866,0.5377654571646211,-0.121848605,-1770.3177396334136,-0.21273225806451612
23,TEAD1 motif x2,CATTCCTCCACATTCC,0.4007471534951854,-0.28246236,979.8994140625,-0.6997,0.4841391579550214,-0.176002165,-1738.902569110577,-0.5932451612903226
24,TEAD1 motif x3,CATTCCTCCACATTCCTCCACATTCC,-6.155562808839718,-0.273767,-614.9706420898438,-0.22,-0.9192395465897236,-0.004806158,-2973.933854323167,-0.5467080645161289
33,TFAP2A 6-bp sequence,CCCAGG,-0.0856279341721535,-0.18084383,-917.3548583984376,-0.4119,0.2598390713874624,-0.098380298,-1799.652836726262,-0.16813822580645163
47,TFAP2A 6-bp sequence,CTGAGG,0.158588862117648,-0.06562662,-811.82470703125,-0.3733,-0.4020345311968078,-0.0762345035,-1474.5755169208232,-0.11387419354838708
48,TFAP2A 6-bp sequence,CTGGGG,0.4718218871635314,-0.0036008358,-901.1659545898438,-0.3232,0.5231063066780928,0.01120796225,-1600.9962745079629,-0.09853338709677416
40,TFAP2A motif x1,CCTCAGGG,-0.783799905520814,-0.1674695,-516.830322265625,-0.163,0.6613688963746406,-0.1047468775,-2619.589111328125,0.1302770322580645
41,TFAP2A motif x2,CCTCAGGGCATGCCTCAGGG,1.7345377151904608,-0.13507009,914.2306518554688,-0.2341,0.3732417037708546,-0.08279334499999999,-1180.38359275231,-0.3909870967741936
42,TFAP2A motif x3,CCTCAGGGCATGCCTCAGGGCATGCCTCAGGG,2.0072941159132776,-0.096259356,-415.9762268066406,-0.3962,-0.7830534113831583,-0.08674499,-2641.2683528019834,-0.4894370967741935
12,ZNF707 6-bp sequence,AGTGGG,0.2616864502933026,-0.0013911724,-714.9291381835938,-0.2773,0.2318503322468769,0.0712641045,-925.3970524714543,-0.049071919354838706
31,ZNF707 6-bp sequence,CCAGGA,0.1807968600968747,-0.048704624,-801.400390625,-0.3828,0.5939578347629366,-0.046018210000000004,-1036.1452727684607,-0.14936016129032256
34,ZNF707 motif x1,CCCCACTCCTGGT,0.8386410533667705,-0.26480603,670.412109375,-0.6333,-0.5304357572579473,-0.157618485,-885.3849481435923,-0.68275
35,ZNF707 motif x2,CCCCACTCCTGGTACCCCCACTCCTGGT,1.9885732163528285,-0.4070146,-82.88160705566406,0.05396,-0.1267582962291454,-0.15077288,-3521.7048621544473,-0.31591290322580645
36,ZNF707 motif x3,CCCCACTCCTGGTACCCCCACTCCTGGTACCCCCACTCCTGGT,0.1043163941029024,-0.3379376,-486.8333740234375,0.04205,-0.1267582962291454,-0.14828414,-1321.3331850492036,-0.2337353870967742
5,high scoring 6-bp sequence,ACAATT,-0.4695070283850993,0.16867161,-515.8953857421875,-0.1857,-1.1624269073143938,0.05907364700000001,-124.37291453434872,0.0043621006451612905
7,high scoring 6-bp sequence,AGAACC,0.2064646691633324,0.078504086,-623.93408203125,-0.2452,-0.3803503930293389,0.0912142275,-138.67744181706354,-0.008842016129032258
9,high scoring 6-bp sequence,AGCAAT,0.0994740768153928,-0.015672207,-814.3917236328125,-0.34,0.0579447859552823,0.0276938745,-890.0487717848557,-0.07745419354838709
17,high scoring 6-bp sequence,ATTGCG,0.1285262133540571,-0.012015343,-751.8145141601562,-0.2035,-0.1564310078170225,0.036318127,-553.6299250676082,0.07916929032258063
20,high scoring 6-bp sequence,CAAGAG,0.1878710442862899,-0.09586191,-825.791748046875,-0.4644,-0.361541363143118,-0.09178866799999999,-1612.44970703125,-0.19395322580645163
32,high scoring 6-bp sequence,CCAGGT,0.7584508323112198,-0.04212451,-791.6663818359375,-0.2893,0.1169647011743015,0.014486947,-1036.9440295879658,-0.049398540322580654
49,high scoring 6-bp sequence,CTTTCA,0.0807153527520612,-0.12323785,-915.6127319335938,-0.4714,-0.1414365382354378,-0.1135898875,-1416.6736516218918,-0.23820967741935478
65,high scoring 6-bp sequence,TAAAGG,0.6176326502112027,0.006366253,-827.9361572265625,-0.3508,0.2363701851830373,0.013029375,-1483.3045372596157,-0.10936822580645161
68,high scoring 6-bp sequence,TCACAT,0.4665540104970649,0.08604908,-810.9182739257812,-0.4175,1.179144726463391,-0.034113774,-1212.2328473604643,-0.201501285483871
76,high scoring 6-bp sequence,TTTGGT,1.201123381425867,0.023158073,-789.2882690429688,-0.2438,0.0917829214366269,0.035533141500000004,-1054.3795224703276,-0.0009060790322580633
60,canonical splice donor,GGTAAG,-1.107314400977451,0.13171625,-568.6488647460938,-0.1266,-0.8597864297768394,0.111968985,-720.2746347280649,0.19393806451612902
2,neutral 6-bp sequence,AACTGT,-0.0086473243421443,0.100206375,-777.4710083007812,-0.2405,-0.2669838540660743,0.0889369,-775.2561399019681,-0.07669677419354841
3,neutral 6-bp sequence,AATCGT,0.2028243664038446,0.075725555,-724.98388671875,-0.2227,0.488869944579008,0.066093036,-686.820071880634,0.02435527419354838
11,neutral 6-bp sequence,AGGCGG,0.1695627705816745,-0.014389515,-621.1591796875,-0.1177,0.1532460326909818,0.050947837499999996,-229.62809923978952,0.049751935483870975
13,neutral 6-bp sequence,ATCTGA,-0.1948030083031748,0.06328058,-747.73095703125,-0.3328,-0.4401687827990743,0.0119505154,-899.1883404071515,-0.20275903225806452
21,neutral 6-bp sequence,CATTAG,-0.1004772489018286,-0.21608043,-1051.438720703125,-0.612,0.1267109040523388,-0.18909927999999998,-3298.448298527644,-0.3176016129032258
56,neutral 6-bp sequence,GGACGG,0.1156790655716172,-0.046212673,-741.2705688476562,-0.26,0.1780152721122281,-0.0608581285,-1103.864740518423,0.025012241935483872
58,neutral 6-bp sequence,GGATGG,0.3862749238984447,-0.039215803,-795.414306640625,-0.3438,0.4947631690940184,-0.038250815,-1235.0066094031702,-0.07638187903225804
62,neutral 6-bp sequence,GTACTG,0.1494436921240528,-0.07491112,-582.1444091796875,-0.267,-0.207392353879315,-0.0286145565,-361.943388572106,-0.006520609677419356
66,neutral 6-bp sequence,TAGTTA,-0.2795997930078061,-0.0046744347,-944.7318115234376,-0.3606,-0.3993951236964539,0.00792215415,-1776.3730797400842,-0.16421241935483874
70,neutral 6-bp sequence,TGATGA,-0.44025744402468,-0.0070798397,-751.6840209960938,-0.372,-0.1276652080876576,-0.023667815000000002,-1065.2182611318735,-0.1140058064516129
0,1-bp insertion,A,-1.3009130329407108,-0.07017088,-733.9690551757812,0.1656,-1.4192395465897236,-0.040714642,1457.1153141902043,0.14419580645161292
19,1-bp insertion,C,-0.0776518422475393,-0.09535384,-1021.2570190429688,-0.0013485,-2.2437484940349752,-0.123444075,383.3535655095027,0.04623029032258064
50,1-bp insertion,G,-0.3154308673144412,-0.082826614,-807.900146484375,0.1729,-0.2841949649058515,-0.047921331,1139.6445688100962,0.24064032258064516
64,1-bp insertion,T,-2.439714049070715,0.10684681,-566.076416015625,0.4714,-4.006424999826476,0.005669512749999999,1509.943364070012,0.3264483870967743
