,Insertion name,Insert,VAV1_jurkat_score,AG_RNA_SEQ_jurkat,enformer_CAGE_jurkat,borzoi_VAV1_RNA_jurkat,VAV1_primary_score,AG_RNA_SEQ_primary,enformer_CAGE_primary,borzoi_VAV1_RNA_primary
12,CTCF 6-bp sequence,CATGTG,2.212674272387729,0.07556093,-259.2417297363281,-0.0203,1.893864364527511,-0.0864205375,-1446.9819758488582,-0.20707790322580646
42,CTCF 6-bp sequence,GATGGT,2.056858167691025,0.019804597,-278.1076965332031,-0.03793,1.8859138512166065,0.015122740999999999,-89.59885531205397,-0.0804117741935484
19,CTCF motif x1,CCACCAGGGGGCG,-2.5907012147292696,-0.1881957,-2219.213134765625,-0.7065,-4.368292806577793,-0.34292617999999997,-3837.996300330529,-0.9364935483870969
20,CTCF motif x2,CCACCAGGGGGCGCTGGCCACCAGGGGGCG,-8.900754618837055,-0.5568046,-2504.65576171875,-1.642,-3.969238140903341,-0.8164274149999999,-3323.2627704326924,-2.0086290322580647
21,CTCF motif x3,CCACCAGGGGGCGCTGGCCACCAGGGGGCGCTGGCCACCAGGGGGCG,-8.53913148164772,-0.55984795,-3614.3251953125,-2.588,0.009105506721151,-0.854902,-4757.4148512620195,-3.0935645161290317
35,MYBL2 6-bp sequence,CGTTAA,0.3126015394531928,-0.013482332,-15.549515724182127,0.007507,-0.0362747918261449,-0.028760135500000002,-545.7046884390024,-0.09996645161290321
58,MYBL2 6-bp sequence,TTTAAC,-1.0194794657926576,0.046395063,-215.5467987060547,0.01569,-0.9207055625876572,-0.05836624,-748.6215262779823,-0.10280790322580644
28,MYBL2 motif x1,CCGTTAAAC,0.8333222454877519,0.31329632,705.6273193359375,0.03363,1.8104910858051608,-0.0283064245,-922.4860229492188,-0.08294241935483869
29,MYBL2 motif x2,CCGTTAAACGGAACCGTTAAAC,0.6134506050531154,0.51454854,1194.677734375,0.04425,0.9278498480805452,-0.15323061,-2573.3192021296572,-0.19111274193548392
30,MYBL2 motif x3,CCGTTAAACGGAACCGTTAAACGGAACCGTTAAAC,0.491013126563914,0.51625764,1540.873779296875,-0.0863,0.234412907747586,-0.319264915,-3799.9436316856977,-0.4706080645161291
37,RELA 6-bp sequence,GAAAAT,1.5264710176876124,0.03301871,-480.9967651367187,-0.0471,1.03439355188181,-0.018173933,-603.0098055326022,-0.11492661290322578
45,RELA 6-bp sequence,GGAACC,1.5531056537568784,-0.03781414,-904.5972290039062,-0.09076,0.4621174326166442,-0.25632438,-1986.6490948016824,-0.23961290322580642
46,RELA motif x1,GGAATTTCC,0.2160496795284817,-0.2563423,-2483.546142578125,-0.2007,4.723616449184743,-0.29549247,-3891.091252253606,-0.2858483870967742
47,RELA motif x2,GGAATTTCCGGGAATTTCC,-0.6952461623018537,-0.37261707,-4383.45849609375,-0.443,-2.100935773552304,-0.5376932,-6130.876483623798,-0.4568193548387097
48,RELA motif x3,GGAATTTCCGGGAATTTCCGGGAATTTCC,-1.6897061325567624,-0.6548891,-4874.24169921875,-1.154,0.3500175267080236,-0.799062785,-6680.916372445913,-1.2081806451612904
1,SRF 6-bp sequence,AAAAGG,0.134488999895415,-0.012112856,-463.9408874511719,-0.0278,0.1138246123955852,-0.016624808,-954.953355055589,-0.07874564516129033
4,SRF 6-bp sequence,ATAAGG,-0.0239249531073725,0.082291245,-354.63427734375,0.1569,-0.4413894903632658,-0.13431308,-1675.5621290940503,-0.11172897741935485
16,SRF motif x1,CCAAATAAGG,-0.0314114547656467,0.11064124,-2755.851806640625,0.03772,-0.1438999755174466,0.197999535,-5046.291222205529,0.09650741935483872
17,SRF motif x2,CCAAATAAGGCAGACCAAATAAGG,-0.6412565275661903,0.11331594,-2663.511474609375,-0.1934,-0.4380463949651734,0.219251245,-4934.0989332932695,-0.009108241935483874
18,SRF motif x3,CCAAATAAGGCAGACCAAATAAGGCAGACCAAATAAGG,-1.701360146299162,0.10268533,-2588.80712890625,-0.319,0.912782967749953,0.138179035,-5217.772705078125,-0.2013258064516129
34,TEAD1 6-bp sequence,CGGAAT,1.6171331746027289,-0.02286911,-723.0704956054688,-0.0732,1.117337866942714,-0.045061141,-1111.1617056039663,-0.18597903225806453
38,TEAD1 6-bp sequence,GAATGT,1.6351338655273029,0.02748096,-1215.1458740234375,-0.2489,1.6814994164129908,-0.0430642965,-1392.2258864182693,-0.42269032258064515
13,TEAD1 motif x1,CATTCC,0.7627610564378556,-0.062548876,-968.6312255859376,-0.0896,2.3634791787475056,-0.143441915,-1563.9562190129209,-0.20893225806451618
14,TEAD1 motif x2,CATTCCTCCACATTCC,0.5751244228853741,-0.19058001,-2505.24951171875,-0.6235,0.1709997251775961,-0.25721699,-3716.554649939904,-0.581641935483871
15,TEAD1 motif x3,CATTCCTCCACATTCCTCCACATTCC,0.6857080489630136,-0.3379805,-4203.0458984375,-1.09,1.7464952982065176,-0.398963885,-6384.774076021635,-1.084414516129032
25,TFAP2A 6-bp sequence,CCCGTA,1.742270679397704,-0.063548684,-78.17156219482422,-0.0059,1.7528663110487643,-0.053159594500000004,-542.7103740985577,-0.09123370967741935
31,TFAP2A motif x1,CCTCAGGG,0.2812801246804637,-0.028857946,-395.3749084472656,-0.1495,-0.3232944547985385,-0.0228768585,-1131.315176156851,-0.1954983870967742
32,TFAP2A motif x2,CCTCAGGGCATGCCTCAGGG,1.613211534044818,-0.0012984276,-77.33446502685547,-0.3103,1.5091825974865625,-0.07417658,-449.2753551189716,-0.39259193548387095
33,TFAP2A motif x3,CCTCAGGGCATGCCTCAGGGCATGCCTCAGGG,1.3251577867236932,-0.020466924,-351.5033264160156,-0.5635,3.0773004584407646,-0.1236611,-1238.1761005108174,-0.7774870967741937
41,ZNF707 6-bp sequence,GATGCC,2.420610324958735,0.123568416,145.9724884033203,0.06964,2.170615276033939,0.088907032,911.0046691894532,0.02634677419354839
49,ZNF707 6-bp sequence,GGACCC,1.7511199787287437,-0.07028937,-925.4961547851562,-0.09906,1.8198106181251976,-0.187240955,-1827.1937161959136,-0.22271774193548385
22,ZNF707 motif x1,CCCCACTCCTGGT,1.3796452488530508,-0.052283883,-263.4421691894531,0.02698,0.8735116608376847,0.0024264455,-622.6030695988582,0.0021398741935483873
23,ZNF707 motif x2,CCCCACTCCTGGTACCCCCACTCCTGGT,0.942073719476063,-0.19226992,-256.65704345703125,-0.4822,0.1300351899341344,-0.0984657125,-439.9613224909856,-0.4689806451612903
24,ZNF707 motif x3,CCCCACTCCTGGTACCCCCACTCCTGGTACCCCCACTCCTGGT,1.240693409611149,-0.3214199,-1182.6241455078125,-0.642,1.2501813542898417,-0.25363338,-1892.4211895282451,-0.7244758064516129
7,high scoring 6-bp sequence,CACGAT,2.4712732655931795,-0.012079239,116.12366485595705,-0.06204,2.147075489842622,-0.038998544999999996,-25.021498900193436,-0.16279596774193547
9,high scoring 6-bp sequence,CAGCAT,2.397182639527362,0.022900224,406.2816467285156,-0.03552,1.76314461746664,-0.033875614,-110.63298240074744,-0.15113532258064513
10,high scoring 6-bp sequence,CATGCT,2.3666725491366964,0.012999296,75.90079498291016,-0.00733,1.9226586085725712,-0.0514500735,-301.8995631291316,-0.11336790322580646
11,high scoring 6-bp sequence,CATGGT,2.2746189508207983,0.009647012,-292.9376525878906,-0.01046,2.0317505795664914,-0.055996923500000004,-555.0272651085487,-0.11699838709677418
26,high scoring 6-bp sequence,CCGGCC,2.096871460132064,-0.0012704134,-21.41600227355957,0.02283,2.2768032078858504,-0.05425223800000001,-608.5485464242788,-0.07040693548387097
27,high scoring 6-bp sequence,CCGTCC,1.9457756214715187,-0.027036905,-1.426193356513977,-0.02432,2.0341283282654734,-0.0631673615,-569.4101436321552,-0.12398225806451614
39,high scoring 6-bp sequence,GAGCCC,1.6308138349889036,0.02346766,-354.38287353515625,-0.0398,2.1235531295457357,-0.0437867645,-797.0848153921274,-0.1253393548387097
43,high scoring 6-bp sequence,GCACCC,1.8555738168140723,-0.009203315,30.19874382019043,-0.03665,1.957566925673461,-0.021914154499999998,-163.4333253273597,-0.10038322580645162
44,high scoring 6-bp sequence,GCGCTC,1.6422134187996411,-0.0029063225,54.98420333862305,-0.0172,1.486754049533916,-0.0541506415,-348.26914273775543,-0.07407354838709677
51,high scoring 6-bp sequence,GGCCAT,2.8553544731094807,-0.025455713,-301.7666015625,-0.05905,6.584956143208203,-0.081993432,-849.7008948692909,-0.17713387096774194
52,canonical splice donor,GGTAAG,-0.4529870103695301,-0.04165578,-298.7076721191406,-0.02673,-0.2756497193414962,-0.059080928000000005,-770.8201693021334,-0.149605
2,neutral 6-bp sequence,AAAGTA,0.0306749874140765,-0.024522424,-379.79888916015625,-0.04413,0.1064816245576006,-0.021110623999999998,-651.3602130596454,-0.09399112903225808
3,neutral 6-bp sequence,AAGGGC,-0.1204614592625848,0.015107751,-72.16374969482422,-0.02061,0.0881363320788189,0.0057664215000000005,-472.16288111760065,-0.06853790322580647
5,neutral 6-bp sequence,ATAATG,0.3436856056672817,0.05266261,147.89944458007812,0.2192,0.4262654075806431,-0.12182465,-1027.551513671875,-0.02887596774193548
8,neutral 6-bp sequence,CAGACA,-0.1352469095484767,-0.015406489,145.26040649414062,-0.0371,-0.4725266497597374,0.01621410275,30.931581057035007,-0.11376241935483872
40,neutral 6-bp sequence,GATAGA,0.0907255365669562,0.017473578,-452.4443664550781,-0.05026,0.0294004321748976,-0.0219010415,-955.73288668119,-0.14631645161290324
50,neutral 6-bp sequence,GGACTA,0.2124998558552278,-0.07949281,-1025.8311767578125,-0.05228,0.503956302857943,-0.20643216,-2159.237267127404,-0.18267903225806456
53,neutral 6-bp sequence,GGTGAC,-0.3057005464555031,-0.050989747,233.5539398193359,-0.02911,-0.3712936888000204,-0.0031143428,1088.0548471304087,-0.07077032258064515
54,neutral 6-bp sequence,GTTTCA,-0.0988868468950655,-0.05124104,-594.518798828125,-0.0747,-0.3885383025312873,-0.067593365,-472.63775869516223,-0.13462080645161292
56,neutral 6-bp sequence,TAGGGT,-0.0258073887098343,-0.053999424,-386.14642333984375,-0.0669,0.3325998213234067,-0.018148064499999998,-347.4156764103816,-0.11203854838709677
57,neutral 6-bp sequence,TGCTGT,0.0085171653679221,-0.03951907,207.398681640625,-0.0805,-0.2544812794822649,-0.019426912249999997,-29.080132190997784,-0.13291580645161288
0,1-bp insertion,A,0.2148499742693841,-0.008895278,360.10260009765625,0.08795,-0.9209293627066116,0.0316803455,397.9649681678185,0.07412951612903225
6,1-bp insertion,C,1.3058409977999723,0.0018635988,344.38934326171875,0.09015,-0.3796982826106251,0.026819408,314.61295259915863,0.0797848387096774
36,1-bp insertion,G,1.08381805649949,-0.020140886,-84.40767669677734,0.0937,3.18125346067906,-0.00542223455,-117.15771506382868,0.0672509677419355
55,1-bp insertion,T,0.654561715175291,-0.019167066,53.86308670043945,0.0852,0.5468005111960332,0.0205641095,108.8023799566122,0.0634091935483871
