"","ID","2gDNA_count","neg_gDNA_count","1cDNA_count","2cDNA_count","1gDNA_count","2gDNA_count_pseudocounts","neg_gDNA_count_pseudocounts","1cDNA_count_pseudocounts","2cDNA_count_pseudocounts","1gDNA_count_pseudocounts","2gDNA_count_pseudocounts_rel_freq","neg_gDNA_count_pseudocounts_rel_freq","1cDNA_count_pseudocounts_rel_freq","2cDNA_count_pseudocounts_rel_freq","1gDNA_count_pseudocounts_rel_freq","gDNA_count_pseudocounts_rel_freq_average_replicates","cDNA_count_pseudocounts_rel_freq_average_replicates","score_1","score_1_log2","score_2","score_2_log2","origin","category","score_1_log2_norm","score_2_log2_norm","score_log2_norm_average","score_log2_norm_average_norm","t_statistic","p_value","q_val","sig_05","sig_01"
"0","A","26","0","50","0","23","27","1","51","1","24","0.00001062106897518879","0.000023204009652868016","0.00002240931805808759","0.00000045077797516844444","0.000008822358503154544","0.000009721713739171668","0.000011430048016628018","2.540059786742384","1.3448624548799752","0.042441864959306685","-4.5583681379417325","negative_neutral_SNV","negative_neutral_SNV","2.1617328978993404","-4.0035916233125635","-0.9209293627066115","-0.9209293627066115","-0.29857752144621935","0.8151985200035017","0.9057761333372241","False","False"
"1","AAAAGG","991","0","831","424","1078","992","1","832","425","1079","0.00039022594160693626","0.000023204009652868016","0.0003655794632221348","0.0001915806394465889","0.0003966385343709897","0.000393432237988963","0.00027858005133436184","0.9216942670532251","-0.11763981771728886","0.49094798428230263","-1.0263579151400748","sequence_from_MA0083.2.SRF","variant","0.6992306253020761","-0.4715814005109056","0.11382461239558528","0.1138246123955853","0.19148396641074736","0.8781110311309759","0.9373832983827955","False","False"
"2","AAAGTA","4121","0","1384","2435","2502","4122","1","1385","2436","2503","0.0016214831968788218","0.000023204009652868016","0.0006085667747147315","0.0010980951475103307","0.000920098472224826","0.0012707908345518239","0.0008533309611125312","0.6614148301357339","-0.5963727011221455","0.6772164828004656","-0.5623110074111874","negative_neutral_sequence","negative_neutral_sequence","0.2204977418972195","-0.007534492782018232","0.10648162455760063","0.10648162455760066","","","","",""
"3","AAGGGC","604","2","306","386","615","605","3","307","387","616","0.0002379906196292303","0.00006961202895860405","0.00013489530674182137","0.000174451076390188","0.00022644053491429998","0.00023221557727176514","0.00015467319156600468","0.5957206680900778","-0.7472920816950861","0.7330166065451166","-0.44808221179581026","negative_neutral_sequence","negative_neutral_sequence","0.06957836132427886","0.10669430283335896","0.08813633207881891","0.08813633207881894","","","","",""
"4","ATAAGG","670","0","103","307","311","671","1","104","308","312","0.00026395323267969174","0.000023204009652868016","0.00004569743290276685","0.0001388396163518809","0.00011469066054100908","0.0001893219466103504","0.00009226852462732387","0.3984407508615504","-1.3275628870915204","0.5260008181841944","-0.9268630512835455","sequence_from_MA0083.2.SRF","variant","-0.5106924440721554","-0.3720865366543763","-0.44138949036326586","-0.4413894903632658","-3.550520089646333","0.007174507183444199","0.07174507183444198","False","False"
"5","ATAATG","502","0","583","429","979","503","1","584","430","980","0.00019786658127851707","0.000023204009652868016","0.0002566086616847677","0.00019383452932243112","0.00036024630554547726","0.0002790564434119972","0.0002252215955035994","0.7123144852137105","-0.4894137664929175","0.9796223701342955","-0.029702375994330323","negative_neutral_sequence","negative_neutral_sequence","0.32745667652644744","0.5250741386348389","0.42626540758064313","0.4262654075806432","","","","",""
"6","C","0","0","0","0","5","1","1","1","1","6","0.0000003933729250069922","0.000023204009652868016","0.00000043939839329583507","0.00000045077797516844444","0.000002205589625788636","0.000001299481275397814","0.00000044508818423213976","0.1992203754307752","-2.3275628870915206","1.1459303539012804","0.19651936422173624","negative_neutral_SNV","negative_neutral_SNV","-1.5106924440721556","0.7512958788509054","-0.3796982826106251","-0.37969828261062505","-0.33433167041884254","0.7938843606711887","0.9021413189445326","False","False"
"7","CACGAT","1709","5","3754","3180","1261","1710","6","3755","3181","1262","0.0006726677017619567","0.0001392240579172081","0.0016499409668258606","0.0014339247390108218","0.00046390901795754315","0.0005682883598597499","0.0015419328529183412","3.5566046421991797","1.8305006110487207","2.131698512140335","1.0920034109879895","top_sequence_screen","variant","2.6473710540680857","1.6467799256171587","2.147075489842622","2.147075489842622","4.203110425728474","0.13334260464872294","0.3263315590777834","False","False"
"8","CAGACA","1839","2","688","849","2171","1840","3","689","850","2172","0.0007238061820128656","0.00006961202895860405","0.00030274549298083035","0.0003831612788931778","0.0007984234445354863","0.0007611148132741759","0.00034295338593700404","0.37917911235305","-1.3990486014704344","0.5293700004435263","-0.9176516556975747","negative_neutral_sequence","negative_neutral_sequence","-0.5821781584510695","-0.36287514106840546","-0.47252664975973746","-0.4725266497597374","","","","",""
"9","CAGCAT","915","5","2414","1301","1055","916","6","2415","1302","1056","0.00036032959930640485","0.0001392240579172081","0.0010611471198094418","0.0005869129236693147","0.00038818377413879995","0.0003742566867226024","0.0008240300217393782","2.733620492416603","1.450812967994318","1.6288224025976719","0.7038293092904282","top_sequence_screen","variant","2.267683411013683","1.2586058239195974","1.76314461746664","1.76314461746664","3.4236710118473184","0.1651161059945835","0.347805363867019","False","False"
"10","CATGCT","1714","1","2122","2600","793","1715","2","2123","2601","794","0.0006746345663869916","0.00004640801930573603","0.0009328427889670578","0.0011724735134131241","0.0002918730271460295","0.0004832537967665105","0.001052658151190091","3.1960568542030408","1.6762930723920555","1.737938688336578","0.7973771871045532","top_sequence_screen","variant","2.4931635154114202","1.3521537017337224","1.9226586085725712","1.9226586085725712","3.3162714367487505","0.1739026819335095","0.347805363867019","False","False"
"11","CATGGT","643","1","1098","1359","491","644","2","1099","1360","492","0.00025333216370450296","0.00004640801930573603","0.0004828988342321227","0.0006130580462290845","0.00018085834931466817","0.00021709525650958557","0.0005479784402306036","2.6700389341270965","1.4168607792396268","2.419977144884692","1.2749934222448214","top_sequence_screen","variant","2.233731222258992","1.8297699368739906","2.0317505795664914","2.0317505795664914","8.957489517043426","0.02407053363507296","0.150440835219206","False","False"
"12","CATGTG","600","1","575","991","243","601","2","576","992","244","0.0002364171279292023","0.00004640801930573603","0.000253093474538401","0.0004471717513670969","0.00008969397811540453","0.0001630555530223034","0.00035013261295274896","2.821744333970324","1.4965872775090618","1.891452431065009","0.9194944938974263","sequence_from_MA0139.1.CTCF","variant","2.313457720528427","1.4742710085265955","1.893864364527511","1.893864364527511","4.382931244575444","0.12173009472425712","0.32034235453751875","False","False"
"13","CATTCC","1264","1","6318","1918","1282","1265","2","6319","1919","1283","0.0004976167501338451","0.00004640801930573603","0.0027765584472363818","0.0008650429343482449","0.00047162858164780336","0.00048462266589082423","0.0018208006907923133","5.8871717179130245","2.557574709011033","1.7383718174992548","0.7977366908354442","motif_from_MA0090.1.TEAD1","variant","3.3744451520303977","1.3525132054646134","2.3634791787475056","2.3634791787475056","2.325754421614281","0.25440477714834275","0.4240079619139046","False","False"
"14","CATTCCTCCACATTCC","464","0","35","581","125","465","1","36","582","126","0.0001829184101282514","0.000023204009652868016","0.000015818342158650063","0.00026235278154803466","0.00004631738214156136","0.00011461789613490637","0.00013908556185334236","0.3415206435956146","-1.5499553084279682","1.4342612171409574","0.5203078011346264","homodimer_from_MA0090.1.TEAD1","variant","-0.7330848654086033","1.0750843157637955","0.1709997251775961","0.17099972517759612","0.18792078073310323","0.8811403004798277","0.9373832983827955","False","False"
"15","CATTCCTCCACATTCCTCCACATTCC","16","0","0","53","0","17","1","1","54","1","0.000006687339725118868","0.000023204009652868016","0.00000043939839329583507","0.000024342010659096","0.0000003675982709647727","0.0000035274689980418202","0.000012390704526195917","1.1953222525846512","0.25739961362963576","3.640014065333479","1.8639440251348653","homotrimer_from_MA0090.1.TEAD1","variant","1.0742700566490007","2.418720539764035","1.7464952982065176","1.7464952982065176","2.567990723101188","0.22716266985862713","0.4056476247475484","False","False"
"16","CCAAATAAGG","593","0","247","304","550","594","1","248","305","551","0.00023366351745415337","0.000023204009652868016","0.0001089708015373671","0.00013748728242637555","0.00020254664730158975","0.00021810508237787157","0.00012322904198187133","0.5380034821070663","-0.8943125845546466","0.5883985823903881","-0.7651343241287809","motif_from_MA0083.2.SRF","variant","-0.07744214153528162","-0.2103578094996117","-0.14389997551744665","-0.14389997551744663","-1.172267687324672","0.27147281957624864","0.4241762805878885","False","False"
"17","CCAAATAAGGCAGACCAAATAAGG","15","0","90","0","36","16","1","91","1","37","0.000006293966800111875","0.000023204009652868016","0.000039985253789920995","0.00000045077797516844444","0.000013601136025696589","0.000009947551412904232","0.00002021801588254472","2.9398466212217103","1.5557408881993826","0.07162064711883002","-3.803480635778264","homodimer_from_MA0083.2.SRF","variant","2.3726113312187476","-3.2487041211490943","-0.4380463949651734","-0.43804639496517334","-0.15574695089412618","0.9015864471970043","0.9391525491635462","False","False"
"18","CCAAATAAGGCAGACCAAATAAGGCAGACCAAATAAGG","0","0","0","0","0","1","1","1","1","1","0.0000003933729250069922","0.000023204009652868016","0.00000043939839329583507","0.00000045077797516844444","0.0000003675982709647727","0.00000038048559798588246","0.00000044508818423213976","1.1953222525846512","0.25739961362963576","1.1459303539012804","0.19651936422173624","homotrimer_from_MA0083.2.SRF","variant","1.0742700566490007","0.7512958788509054","0.912782967749953","0.912782967749953","4.762751100540998","0.04274911362022","0.19346559499636048","False","False"
"19","CCACCAGGGGGCG","499","0","2","41","380","500","1","3","42","381","0.0001966864625034961","0.000023204009652868016","0.0000013181951798875052","0.000018932674957074668","0.0001400549412375784","0.00016837070187053726","0.000010125435068481086","0.009411986240824025","-6.73128507314253","0.09625814972770758","-3.37694749766159","motif_from_MA0139.1.CTCF","variant","-5.914414630123165","-2.8221709830324206","-4.368292806577793","-4.368292806577793","-2.8190488101674456","0.21522734487592524","0.3985691571776393","False","False"
"20","CCACCAGGGGGCGCTGGCCACCAGGGGGCG","73","0","5","1","140","74","1","6","2","141","0.000029109596450517423","0.000023204009652868016","0.0000026363903597750103","0.0000009015559503368889","0.00005183135620603295","0.00004047047632827519","0.0000017689731550559495","0.050864776705729836","-4.297189238048002","0.030971090645980554","-5.0129340014072135","homodimer_from_MA0139.1.CTCF","variant","-3.480318795028637","-4.4581574867780445","-3.969238140903341","-3.969238140903341","-7.943340561005468","0.06730505946919713","0.2243501982306571","False","False"
"21","CCACCAGGGGGCGCTGGCCACCAGGGGGCGCTGGCCACCAGGGGGCG","6","0","0","1","0","7","1","1","2","1","0.0000027536104750489456","0.000023204009652868016","0.00000043939839329583507","0.0000009015559503368889","0.0000003675982709647727","0.000001560604373006859","0.000000670477171816362","1.1953222525846512","0.25739961362963576","0.327408672543223","-1.610835557835868","homotrimer_from_MA0139.1.CTCF","variant","1.0742700566490007","-1.0560590432066987","0.009105506721150958","0.00910550672115099","0.008508603249816078","0.9945639239174495","0.9945639239174495","False","False"
"22","CCCCACTCCTGGT","1396","1","1038","1760","1382","1397","2","1039","1761","1383","0.0005495419762347681","0.00004640801930573603","0.00045653493063437265","0.0007938200142716307","0.0005083884087442806","0.0005289651924895244","0.0006251774724530017","0.898004208557811","-0.15520588861664655","1.4445120638655369","0.5305822526434816","motif_from_MA1715.1.ZNF707","variant","0.6616645544027184","1.0853587672726508","0.8735116608376846","0.8735116608376846","3.7068161608718713","0.09753516810626715","0.286868141489021","False","False"
"23","CCCCACTCCTGGTACCCCCACTCCTGGT","74","1","16","157","105","75","2","17","158","106","0.000029502969375524414","0.00004640801930573603","0.000007469772686029197","0.00007122292007661423","0.000038965416722265904","0.00003423419304889516","0.00003934634638132171","0.19170262541451955","-2.3830579996832237","2.4140932788853644","1.2714814219029584","homodimer_from_MA1715.1.ZNF707","variant","-1.5661875566638588","1.8262579365321276","0.13003518993413443","0.13003518993413446","0.07652010930932135","0.9513109099412562","0.9707254183074043","False","False"
"24","CCCCACTCCTGGTACCCCCACTCCTGGTACCCCCACTCCTGGT","69","0","31","219","62","70","1","32","220","63","0.000027536104750489453","0.000023204009652868016","0.000014060748585466722","0.00009917115453705778","0.00002315869107078068","0.000025347397910635065","0.00005661595156126225","0.6071478108366483","-0.7198803098702806","3.6014953979754534","1.8485960608014296","homotrimer_from_MA1715.1.ZNF707","variant","0.09699013314908433","2.403372575430599","1.2501813542898415","1.2501813542898415","1.07979004921946","0.4733487741104814","0.6382832800244745","False","False"
"25","CCCGTA","1008","3","1626","1891","951","1009","4","1627","1892","952","0.00039691328133205513","0.00009281603861147207","0.0007149011858923237","0.0008528719290186969","0.0003499535539584636","0.00037343341764525936","0.0007838865574555103","2.0428459085664157","1.0305803859942202","2.1487613771865437","1.1035052784547743","sequence_from_MA0003.2.TFAP2A","variant","1.8474508290135851","1.6582817930839435","1.7528663110487643","1.7528663110487643","12.521108656838367","0.00012000160487866454","0.003400706784761841","True","True"
"26","CCGGCC","615","0","1628","1615","644","616","1","1629","1616","645","0.0002423177218043072","0.000023204009652868016","0.0007157799826789153","0.0007284572078722063","0.00023710088477227838","0.0002397093032882928","0.0007221185952755607","3.0188836425742585","1.594015151844537","3.0062069024423206","1.5879443062786298","top_sequence_screen","variant","2.4108855948639016","2.1427208209077993","2.2768032078858504","2.2768032078858504","13.45599526690058","0.0021765232529321436","0.03627538754886906","True","False"
"27","CCGTCC","553","0","1049","863","345","554","1","1050","864","346","0.00021792860045387368","0.000023204009652868016","0.00046136831296062685","0.000389472170545536","0.00012718900175381136","0.0001725588011038425","0.00042542024175308145","3.627423020849375","1.8589449985463962","1.7871549201637298","0.8376647003360165","top_sequence_screen","variant","2.675815441565761","1.3924412149651857","2.0341283282654734","2.0341283282654734","3.1297462536242806","0.1868216530206204","0.3592724096550392","False","False"
"28","CCGTTAAAC","521","0","2096","641","742","522","1","2097","642","743","0.00020534066685364992","0.000023204009652868016","0.0009214184307413661","0.00028939946005814135","0.0002731255153268261","0.00023923309109023802","0.0006054089453997537","3.373608026473773","1.754292359187632","1.4093626191659427","0.4950428547741551","motif_from_MA0777.1.MYBL2","variant","2.571162802206997","1.0498193694033242","1.8104910858051606","1.8104910858051606","2.3585116767179746","0.24808759166867267","0.4240079619139046","False","False"
"29","CCGTTAAACGGAACCGTTAAAC","177","0","285","135","213","178","1","286","136","214","0.00007002038065124461","0.000023204009652868016","0.00012566794048260883","0.00006130580462290845","0.00007866602998646136","0.00007434320531885299","0.00009348687255275864","1.597486748781356","0.675803964006878","0.8755422928683941","-0.19175122549432194","homodimer_from_MA0777.1.MYBL2","variant","1.492674407026243","0.3630252891348473","0.9278498480805452","0.9278498480805452","1.6159664744428135","0.34111948879749143","0.5168477102992294","False","False"
"30","CCGTTAAACGGAACCGTTAAACGGAACCGTTAAAC","49","0","133","21","150","50","1","134","22","151","0.00001966864625034961","0.000023204009652868016","0.0000588793847016419","0.000009917115453705778","0.00005550733891568068","0.00003758799258301515","0.00003439825007767384","1.0607495486512797","0.08508406476232905","0.5042093557165634","-0.9879052069156911","homotrimer_from_MA0777.1.MYBL2","variant","0.901954507781694","-0.43312869228652184","0.23441290774758605","0.23441290774758608","0.34703527809323964","0.785257654178267","0.9021413189445326","False","False"
"31","CCTCAGGG","589","1","162","348","534","590","2","163","349","535","0.0002320900257541254","0.00004640801930573603","0.00007162193810722112","0.0001573215133337871","0.00019666507496615338","0.00021437755036013938","0.00011447172572050411","0.3641822937781274","-1.457267313427796","0.6778469381551642","-0.5609685538178151","motif_from_MA0003.2.TFAP2A","variant","-0.6403968704084311","-0.006192039188645859","-0.32329445479853847","-0.3232944547985384","-0.9694706967944412","0.48509529281860064","0.6382832800244745","False","False"
"32","CCTCAGGGCATGCCTCAGGG","345","1","148","636","119","346","2","149","637","120","0.00013610703205241932","0.00004640801930573603","0.00006547036060107943","0.0002871455701822991","0.000044111792515772725","0.00009010941228409602","0.00017630796539168926","1.4841917969592753","0.5696775384832788","2.1097041486564034","1.077040698841312","homodimer_from_MA0003.2.TFAP2A","variant","1.3865479815026438","1.6318172134704811","1.5091825974865625","1.5091825974865625","9.415665693155324","0.0031506726490066004","0.03938340811258251","True","False"
"33","CCTCAGGGCATGCCTCAGGGCATGCCTCAGGG","20","0","147","76","26","21","1","148","77","27","0.000008260831425146836","0.000023204009652868016","0.00006503096220778359","0.00003470990408797022","0.000009925153316048863","0.00000909299237059785","0.00004987043314787691","6.552136791945495","2.711965477095117","4.201744630971362","2.0709884821378775","homotrimer_from_MA0003.2.TFAP2A","variant","3.528835920114482","2.625764996767047","3.0773004584407646","3.0773004584407646","6.643849059765839","0.0794284660157801","0.2482139562993128","False","False"
"34","CGGAAT","2878","1","2304","3263","1967","2879","2","2305","3264","1968","0.0011325206510951306","0.00004640801930573603","0.0010128132965468999","0.0014713393109498027","0.0007234333972586727","0.0009279770241769017","0.0012420763037483513","1.400009040755905","0.48543614360709614","1.2991721692024243","0.3775926326297975","sequence_from_MA0090.1.TEAD1","variant","1.3023065866264611","0.9323691472589667","1.1173378669427139","1.1173378669427139","5.275087567717493","0.047017820856527004","0.19346559499636048","False","False"
"35","CGTTAA","1874","2","667","1103","1465","1875","3","668","1104","1466","0.0007375742343881103","0.00006961202895860405","0.00029351812672161784","0.0004976588845859626","0.0005388990652343568","0.0006382366498112336","0.0003955885056537902","0.5446625270985996","-0.8765654820301237","0.6747237923770739","-0.5676310592707002","sequence_from_MA0777.1.MYBL2","variant","-0.05969503901075879","-0.012854544641531018","-0.0362747918261449","-0.03627479182614487","-0.3427601427213046","0.7353552479253676","0.8754229141968661","False","False"
"36","G","55","0","49","51","1","56","1","50","52","2","0.000022028883800391564","0.000023204009652868016","0.000021969919664791755","0.000023440454708759113","0.0000007351965419295454","0.000011382040171160556","0.000022705187186775432","29.88305631461628","4.901255803404361","1.0640781857654746","0.08960416030522426","negative_neutral_SNV","negative_neutral_SNV","5.718126246423726","0.6443806749343934","3.1812534606790597","3.1812534606790597","1.2529694401771665","0.4282987107421885","0.6118553010602693","False","False"
"37","GAAAAT","2182","2","2888","2387","2669","2183","3","2889","2388","2670","0.0008587330952902639","0.00006961202895860405","0.0012694219582316676","0.0010764578047022454","0.0009814873834759431","0.0009201102393831035","0.0011729398814669565","1.293365538470808","0.37113007561933503","1.253541770552569","0.32601007049575065","sequence_from_MA0107.1.RELA","variant","1.1880005186387","0.8807865851249199","1.03439355188181","1.03439355188181","5.589529992346587","0.027830261523134482","0.1546125640174138","False","False"
"38","GAATGT","1043","2","2266","1547","1157","1044","3","2267","1548","1158","0.00041068133370729984","0.00006961202895860405","0.000996116157601658","0.000697804305560752","0.0004256787977772068","0.0004181800657422533","0.0008469602315812051","2.340065238868225","1.226548751381185","1.6991381109570713","0.7648031237962624","sequence_from_MA0090.1.TEAD1","variant","2.04341919440055","1.3195796384254317","1.6814994164129908","1.6814994164129908","4.467939438599857","0.11277638355913204","0.3132677321087001","False","False"
"39","GAGCCC","818","0","1540","1491","523","819","1","1541","1492","524","0.0003221724255807266","0.000023204009652868016","0.0006771129240688819","0.0006725607389513192","0.0001926214939855409","0.00025739695978313373","0.0006748368315101005","3.5152511283071517","1.813627758606971","2.087580083053371","1.0618315428359657","top_sequence_screen","variant","2.630498201626336","1.616608057465135","2.1235531295457353","2.1235531295457353","4.104719582096103","0.137059254812669","0.3263315590777834","False","False"
"40","GATAGA","1921","4","951","1007","1698","1922","5","952","1008","1699","0.000756062761863439","0.00011602004826434008","0.000418307270417635","0.00045438419896979204","0.0006245494623691488","0.0006903061121162939","0.0004363457346937135","0.6697744464158846","-0.5782527602466414","0.6009874072489546","-0.7345933330520975","negative_neutral_sequence","negative_neutral_sequence","0.23861768277272355","-0.1798168184229283","0.02940043217489763","0.029400432174897663","","","","",""
"41","GATGCC","768","3","3219","2206","1615","769","4","3220","2207","1616","0.000302503779330377","0.00009281603861147207","0.001414862826412589","0.000994866991196757","0.0005940388058790726","0.0004482712926047248","0.001204864908804673","2.3817683498283273","1.2520331038798205","3.288775411001464","1.7175504905395238","sequence_from_MA0003.2.TFAP2A_MA1715.1.ZNF707","variant","2.068903546899185","2.272327005168693","2.170615276033939","2.170615276033939","14.979718192630534","0.00013602827139047363","0.003400706784761841","True","True"
"42","GATGGT","1397","4","3895","2094","1514","1398","5","3896","2095","1515","0.0005499353491597751","0.00011602004826434008","0.0017118961402805735","0.0009443798579778912","0.0005569113805116307","0.0005534233648357028","0.0013281379991292323","3.0739112185279214","1.6200754973516647","1.7172561455101452","0.7801052474330141","sequence_from_MA0139.1.CTCF","variant","2.4369459403710296","1.3348817620621833","1.8859138512166065","1.8859138512166065","3.364014436634651","0.17056327681439862","0.347805363867019","False","False"
"43","GCACCC","2846","4","5442","5480","2461","2847","5","5443","5481","2462","0.0011199327174949067","0.00011602004826434008","0.0023916454547092303","0.002470714081898244","0.0009050269431152704","0.0010124798303050885","0.002431179768303737","2.642623485303922","1.4019708878702721","2.206127246130284","1.1415160058281157","top_sequence_screen","variant","2.218841330889637","1.696292520457285","1.957566925673461","1.957566925673461","6.968412049172609","0.051993546271126234","0.19346559499636048","False","False"
"44","GCGCTC","1457","2","1867","2161","1249","1458","3","1868","2162","1250","0.0005735377246601946","0.00006961202895860405","0.0008207961986766199","0.0009745819823141769","0.00045949783870596585","0.0005165177816830802","0.0008976890904953984","1.7862895742625027","0.8369659737898483","1.6992465192966861","0.7648951676294495","top_sequence_screen","variant","1.6538364168092132","1.3196716822586188","1.486754049533916","1.486754049533916","7.570488264143189","0.01975111565195518","0.150440835219206","False","False"
"45","GGAACC","356","0","95","441","221","357","1","96","442","222","0.00014043413422749621","0.000023204009652868016","0.000042182245756400165","0.00019924386502445245","0.00008160681615417954","0.00011102047519083788","0.0001207130553904263","0.5168961092257951","-0.9520537519993141","1.4187709143539664","0.5046416595840684","sequence_from_MA0107.1.RELA","variant","-0.13518330897994912","1.0594181742132376","0.46211743261664423","0.4621174326166443","0.7623790981740587","0.5793281180477309","0.7244316741856611","False","False"
"46","GGAATTTCC","6","0","432","276","86","7","1","433","277","87","0.0000027536104750489456","0.000023204009652868016","0.0001902595042970966","0.00012486549912165911","0.000031981049573935225","0.000017367330024492084","0.00015756250170937785","5.949132590450046","2.5726793325076325","45.34610114723638","5.502906608213321","motif_from_MA0107.1.RELA","variant","3.3895497755269974","6.05768312284249","4.723616449184743","4.723616449184743","3.530216411700222","0.17338469548242363","0.347805363867019","False","False"
"47","GGAATTTCCGGGAATTTCC","178","0","3","176","257","179","1","4","177","258","0.0000704137535762516","0.000023204009652868016","0.0000017575935731833403","0.00007978770160481466","0.00009484035390891135","0.00008262705374258148","0.000040772647588999","0.018532127947048855","-5.7538276417936185","1.1331266627962382","0.1803091370404773","homodimer_from_MA0107.1.RELA","variant","-4.9369571987742535","0.7350856516696465","-2.1009357735523038","-2.1009357735523038","-0.7403138589244842","0.5940339728322421","0.7244316741856611","False","False"
"48","GGAATTTCCGGGAATTTCCGGGAATTTCC","11","0","0","10","1","12","1","1","11","2","0.000004720475100083906","0.000023204009652868016","0.00000043939839329583507","0.000004958557726852889","0.0000007351965419295454","0.0000027278358210067256","0.000002698978060074362","0.5976611262923256","-0.7426003863703643","1.0504361577428405","0.07098848213787749","homotrimer_from_MA0107.1.RELA","variant","0.07427005664900066","0.6257649967670467","0.35001752670802366","0.3500175267080237","1.1888010423411353","0.4079048424358608","0.5998600624056776","False","False"
"49","GGACCC","2329","1","5535","4131","2791","2330","2","5536","4132","2792","0.0009165589152662918","0.00004640801930573603","0.002432509505285743","0.0018626145933960125","0.0010263343725336453","0.0009714466438999686","0.0021475620493408777","2.3700945524028043","1.2449446150567083","2.032182069665275","1.0230296635451532","sequence_from_MA1715.1.ZNF707","variant","2.061815058076073","1.5778061781743224","1.8198106181251976","1.8198106181251976","6.916985912981046","0.0478521234537802","0.19346559499636048","False","False"
"50","GGACTA","1287","0","832","1014","1156","1288","1","833","1015","1157","0.0005066643274090059","0.000023204009652868016","0.0003660188616154306","0.00045753964479597114","0.000425311199506242","0.00046598776345762395","0.0004117792532057009","0.8605906969775406","-0.21660085011230643","0.9030429419330744","-0.14713350182034182","negative_neutral_sequence","negative_neutral_sequence","0.6002695929070585","0.4076430128088274","0.503956302857943","0.503956302857943","","","","",""
"51","GGCCAT","0","0","772","36","10","1","1","773","37","11","0.0000003933729250069922","0.000023204009652868016","0.00033965495801768054","0.000016678785081232444","0.0000040435809806124994","0.000002218476952809746","0.0001781668715494565","83.99855465890323","6.392292598917186","42.39942309434738","5.405972729850686","top_sequence_screen","variant","7.209163041936551","5.960749244479855","6.584956143208203","6.584956143208203","10.408009219507065","0.05417036659898094","0.19346559499636048","False","False"
"52","GGTAAG","1324","1","505","546","1084","1325","2","506","547","1085","0.0005212191256342647","0.00004640801930573603","0.00022233558700769255","0.0002465755524171391","0.00039884412399677837","0.00046003162481552155","0.00023445556971241584","0.5574498247076807","-0.8430861390078956","0.47307464421434","-1.079860257323631","positive_splice","splice","-0.026215695988530685","-0.5250837426944617","-0.2756497193414962","-0.2756497193414961","-1.0211412330635254","0.4538781727974337","0.6303863511075468","False","False"
"53","GGTGAC","1649","1","767","529","1462","1650","2","768","530","1463","0.0006490653262615371","0.00004640801930573603","0.0003374579660512013","0.00023891232683927557","0.0005377962704214625","0.0005934307983414997","0.00028818514644523847","0.6274829049795024","-0.672351939787695","0.3680867197379871","-1.4418823954608802","negative_neutral_sequence","negative_neutral_sequence","0.14451850323166993","-0.8871058808317109","-0.3712936888000205","-0.37129368880002045","","","","",""
"54","GTTTCA","3326","2","602","1942","2138","3327","3","603","1943","2139","0.001308751721498263","0.00006961202895860405","0.00026495723115738855","0.0008758616057522875","0.0007862927015936488","0.0010475222115459558","0.0005704094184548381","0.3369702282882397","-1.5693069616353237","0.6692343485513039","-0.5794166010757851","negative_neutral_sequence","negative_neutral_sequence","-0.7524365186159587","-0.02464008644661586","-0.3885383025312873","-0.38853830253128724","","","","",""
"55","T","255","1","237","135","209","256","2","238","136","210","0.00010070346880179","0.00004640801930573603","0.00010457681760440875","0.00006130580462290845","0.00007719563690260227","0.00008894955285219613","0.0000829413111136586","1.3546985529292712","0.43797185927145654","0.6087755005100552","-0.7160177945279242","negative_neutral_SNV","negative_neutral_SNV","1.2548423022908215","-0.16124127989875503","0.5468005111960332","0.5468005111960332","0.7641956337306217","0.5802798749798755","0.7244316741856611","False","False"
"56","TAGGGT","1297","1","961","823","1364","1298","2","962","824","1365","0.0005105980566590759","0.00004640801930573603","0.00042270125435059337","0.0003714410515387982","0.0005017716398669147","0.0005061848482629952","0.0003970711529446958","0.8424175875358495","-0.24739253840753694","0.7274627208125232","-0.4590547765941839","negative_neutral_sequence","negative_neutral_sequence","0.569477904611828","0.0957217380349853","0.33259982132340665","0.3325998213234067","","","","",""
"57","TGCTGT","921","0","301","686","1134","922","1","302","687","1135","0.0003626898368564468","0.000023204009652868016","0.00013269831477534218","0.00030968446894072134","0.000417224037545017","0.0003899569372007319","0.00022119139185803176","0.3180505024498367","-1.6526722292235627","0.8538548298591971","-0.2279372873895014","negative_neutral_sequence","negative_neutral_sequence","-0.8358017862041978","0.32683922723966785","-0.25448127948226495","-0.2544812794822649","","","","",""
"58","TTTAAC","645","1","315","149","931","646","2","316","150","932","0.00025411890955451694","0.00004640801930573603","0.0001388498922814839","0.00006761669627526668","0.00034260158853916813","0.0002983602490468425","0.00010323329427837529","0.4052809354256972","-1.3030057828475414","0.26608289951268127","-1.9100522999763074","sequence_from_MA0777.1.MYBL2","variant","-0.48613533982817647","-1.3552757853471382","-0.9207055625876573","-0.9207055625876573","-2.0613227047983114","0.2667135714183752","0.4241762805878885","False","False"