"","ID","neg_gDNA_count","1cDNA_count","1gDNA_count","2gDNA_count","3gDNA_count","3cDNA_count","2cDNA_count","neg_cDNA_count","neg_gDNA_count_pseudocounts","1cDNA_count_pseudocounts","1gDNA_count_pseudocounts","2gDNA_count_pseudocounts","3gDNA_count_pseudocounts","3cDNA_count_pseudocounts","2cDNA_count_pseudocounts","neg_cDNA_count_pseudocounts","neg_gDNA_count_pseudocounts_rel_freq","1cDNA_count_pseudocounts_rel_freq","1gDNA_count_pseudocounts_rel_freq","2gDNA_count_pseudocounts_rel_freq","3gDNA_count_pseudocounts_rel_freq","3cDNA_count_pseudocounts_rel_freq","2cDNA_count_pseudocounts_rel_freq","neg_cDNA_count_pseudocounts_rel_freq","gDNA_count_pseudocounts_rel_freq_average_replicates","cDNA_count_pseudocounts_rel_freq_average_replicates","score_1","score_1_log2","score_2","score_2_log2","score_3","score_3_log2","origin","category","score_1_log2_norm","score_2_log2_norm","score_3_log2_norm","score_log2_norm_average","score_log2_norm_average_norm","t_statistic","p_value","q_val","sig_05","sig_01"
"0","A","0","3609","8925","10860","7939","3036","3506","0","1","3610","8926","10861","7940","3037","3507","1","0.000023281802942819892","0.0016461753555237163","0.002951948001267294","0.0030313297883623283","0.0027920162401105834","0.001377784149267057","0.0015941568492151266","0.00003293048374880627","0.0029250980099134022","0.0015393721180019665","0.5576573011506303","-0.8425492843293494","0.5258935716381976","-0.9271572330228821","0.49347282779862595","-1.0189574474486978","negative_neutral_SNV","negative_neutral_SNV","0.33667105986829027","0.2237905686549828","0.0840882942848793","0.21484997426938413","0.21484997426938418","2.6803557742675177","0.07806713841061572","0.08485558522893012","False","False"
"1","AAAAGG","2","15820","43765","52313","41163","16162","15576","1","3","15821","43766","52314","41164","16163","15577","2","0.00006984540882845967","0.007214443296327068","0.01447400361006771","0.01460095631602862","0.014474881172281117","0.0073326062576896415","0.007080747430916461","0.00006586096749761254","0.014516613699459148","0.007209265661644391","0.4984414465192549","-1.0045040582234985","0.48495093592899574","-1.0440893023763642","0.5065745390526122","-0.981153527322974","sequence_from_MA0083.2.SRF","variant","0.17471628597414113","0.10685849930150071","0.12189221441060305","0.13448899989541496","0.13448899989541502","3.4585794371400795","0.002894563594231168","0.0036182044927889597","True","True"
"2","AAAGTA","6","47234","143395","181414","135048","49214","51469","1","7","47235","143396","181415","135049","49215","51470","2","0.00016297262059973924","0.021539360919158652","0.04742298180480897","0.05063333887816516","0.047488539195301535","0.022327180410331975","0.023396422306559046","0.00006586096749761254","0.048514953292758546","0.022420987878683227","0.4541966805844004","-1.138610932483961","0.46207543932380074","-1.113799686853238","0.4701593434683079","-1.088778306029653","negative_neutral_sequence","negative_neutral_sequence","0.0406094117136786","0.03714811482462688","0.01426743570392408","0.03067498741407652","0.030674987414076576","","","","",""
"3","AAGGGC","4","36400","123959","153280","111978","37235","39043","0","5","36401","123960","153281","111979","37236","39044","1","0.00011640901471409946","0.016599010835573073","0.04099523574244832","0.042781075526191516","0.039376219968683","0.016892713395491647","0.017748006849374224","0.00003293048374880627","0.04105084374577428","0.017079910360146316","0.4049009728802634","-1.3043589854174593","0.41485649042433503","-1.2693157376069348","0.4290080004867631","-1.2209235423724425","negative_neutral_sequence","negative_neutral_sequence","-0.12513864121981966","-0.11836793592906991","-0.11787780063886544","-0.120461459262585","-0.12046145926258495","","","","",""
"4","ATAAGG","0","8683","26257","34136","24059","8287","9109","1","1","8684","26258","34137","24060","8288","9110","2","0.000023281802942819892","0.003959940938329073","0.008683873024566054","0.009527714297516325","0.008460442158319979","0.0037599851923363083","0.004141080381052126","0.00006586096749761254","0.008890676493467453","0.003953668837239169","0.4560109212936076","-1.1328597180687272","0.43463523902386725","-1.20212294589975","0.44441946673422356","-1.1700060829627223","sequence_from_MA0083.2.SRF","variant","0.04636062612891245","-0.05117514422188507","-0.06696034122914529","-0.023924953107372637","-0.023924953107372582","-0.49411493870138834","0.6371771637865697","0.6501807793740507","False","False"
"5","ATAATG","0","12864","31904","40429","28883","13385","14126","0","1","12865","31905","40430","28884","13386","14127","1","0.000023281802942819892","0.005866494722662773","0.010551411716382816","0.011284104902263966","0.010156750261883387","0.006072775311850123","0.006421629258301139","0.00003293048374880627","0.010664088960176723","0.006120299764271346","0.55599145217261","-0.8468653918000562","0.5690862779034203","-0.8132807019909865","0.5979053491784916","-0.742010976816194","negative_neutral_sequence","negative_neutral_sequence","0.3323549523975835","0.33766709968687847","0.36103476491738307","0.3436856056672817","0.34368560566728173","","","","",""
"6","C","0","724","872","1264","696","610","838","0","1","725","873","1265","697","611","839","1","0.000023281802942819892","0.0003306030838655663","0.0002887128170632251","0.0003530643754974998","0.0002450926094908157","0.00027719002805471574","0.0003813794116029345","0.00003293048374880627","0.00029562326735051354","0.0003297241745077388","1.145093201017008","0.19546502642082927","1.0801979414250906","0.11129570400553762","1.130960368942103","0.17754837536446863","negative_neutral_SNV","negative_neutral_SNV","1.374685370618469","1.2622435056834025","1.2805941170980457","1.3058409977999723","1.3058409977999723","27.218921532878138","0.00000003254641561133102","0.00000008136603902832753","True","True"
"7","CACGAT","0","95031","51980","64748","46863","90559","99862","2","1","95032","51981","64749","46864","90560","99863","3","0.000023281802942819892","0.043334996228844826","0.01719081436857217","0.0180715930822827","0.01647922532450156","0.04108400808614576","0.04539415039440268","0.00009879145124641881","0.01724721092511881","0.04327105156979775","2.5208227661435756","1.3338946888453207","2.511906404029586","1.3287827090710955","2.493078847891074","1.3179285112540402","top_sequence_screen","variant","2.5131150330429604","2.4797305107489604","2.4209742529876173","2.4712732655931795","2.4712732655931795","58.0220905898221","0.000000000000007478598522165912","0.0000000000000415477695675884","True","True"
"8","CAGACA","2","22156","77126","93592","70629","23929","23192","3","3","22157","77127","93593","70630","23930","23193","4","0.00006984540882845967","0.010103686247185314","0.02550693406831084","0.026122019048171935","0.02483628552128596","0.010856231377003844","0.010542708812046317","0.00013172193499522508","0.025488412879256243","0.01050087547874516","0.39611527673715496","-1.3360077530289913","0.40359471419894377","-1.3090208150142209","0.4371117157474898","-1.1939260482112999","negative_neutral_sequence","negative_neutral_sequence","-0.15678740883135167","-0.15807301333635593","-0.09088030647772283","-0.13524690954847682","-0.13524690954847676","","","","",""
"9","CAGCAT","6","77045","44979","56730","40252","76141","81779","6","7","77046","44980","56731","40253","76142","81780","7","0.00016297262059973924","0.03513330372345713","0.014875489703899045","0.015833751056402105","0.014154537747250796","0.03454304928992172","0.03717426493550415","0.0002305133862416439","0.014954592835850648","0.03561687264962767","2.3618250170445325","1.2399020822653353","2.347786371219559","1.2313011413254933","2.440422280595559","1.2871308073821763","top_sequence_screen","variant","2.419122426462975","2.382248943003358","2.390176549115753","2.397182639527362","2.397182639527362","68.7927638025151","0.00000000000000000000000000000000008611284680220759","0.0000000000000000000000000000000043056423401103795","True","True"
"10","CATGCT","12","108479","62667","80122","57233","102641","113138","2","13","108480","62668","80123","57234","102642","113139","3","0.0003026634382566586","0.04946734143136087","0.020725148705290027","0.022362511429238084","0.020125725124242964","0.04656520271619007","0.05142894547001717","0.00009879145124641881","0.021071128419590357","0.0491538298725227","2.3868268515117816","1.2550939122404872","2.299783976981042","1.2014983524849134","2.313715527203477","1.2102114950756064","top_sequence_screen","variant","2.434314256438127","2.352446154162778","2.3132572368091835","2.3666725491366964","2.3666725491366964","48.71172050244354","0.000000001213800800654848","0.000000003371668890707911","True","True"
"11","CATGGT","1","46074","29188","37419","26350","45534","49659","4","2","46075","29189","37420","26351","45535","49660","5","0.000046563605885639784","0.02101039598497375","0.009653194063297225","0.0104440070601711","0.009266047851782618","0.020657688915665273","0.022573661001432332","0.00016465241874403136","0.00978774965841698","0.02141391530069045","2.1765226977936942","1.122025065300937","2.1613984815769087","1.1119650760834436","2.2293958811890997","1.1566528234689333","top_sequence_screen","variant","2.3012454094985766","2.2629128777613086","2.2596985652025103","2.2746189508207983","2.2746189508207983","63.90787749612844","0.00000000000000000000000000000003870705382979226","0.0000000000000000000000000000009676763457448065","True","True"
"12","CATGTG","2","42088","26310","36333","25474","40634","45315","0","3","42089","26311","36334","25475","40635","45316","1","0.00006984540882845967","0.019192763030093544","0.008701400835911244","0.01014090199156218","0.008958011803125582","0.0184347246972232","0.020599033869128223","0.00003293048374880627","0.009266771543533002","0.019408840532148322","2.2057095624056036","1.1412428360504434","2.0312822159476362","1.0223906942195062","2.0579035953927916","1.0411753992841566","sequence_from_MA0139.1.CTCF","variant","2.3204631802480833","2.1733384958973714","2.1442211410177334","2.2126742723877295","2.2126742723877295","34.709044544103946","0.000008734956884478729","0.000016175846082368016","True","True"
"13","CATTCC","0","20033","36035","44743","32065","19534","20619","0","1","20034","36036","44744","32066","19535","20620","1","0.000023281802942819892","0.009135589216776215","0.011917588861042818","0.012488152108506033","0.011275666593877326","0.008862368572911412","0.009373114978846853","0.00003293048374880627","0.01189380252114206","0.009123690922844827","0.7665635493299631","-0.3835226963460615","0.750560603154614","-0.41395952958272325","0.7859729177983736","-0.3474484923667302","motif_from_MA0090.1.TEAD1","variant","0.7956976478515781","0.7369882720951417","0.7555972493668468","0.7627610564378555","0.7627610564378555","20.467970032863516","0.0000000000000005116153012342569","0.0000000000000031975956327141053","True","True"
"14","CATTCCTCCACATTCC","0","740","1360","1542","1173","557","629","0","1","741","1361","1543","1174","558","630","1","0.000023281802942819892","0.0003378991519232891","0.0004501009668076167","0.0004306548074250136","0.0004128245674924213","0.00025314572120217906","0.00028637548189493293","0.00003293048374880627","0.00043119344724168386","0.00029247345167346704","0.7507185650363529","-0.41365593405018847","0.6649768607187722","-0.5886239550360693","0.6132041092899017","-0.7055607298667019","homodimer_from_MA0090.1.TEAD1","variant","0.7655644101474512","0.5623238466417956","0.3974850118668751","0.575124422885374","0.575124422885374","5.1606376007849","0.023884210939893274","0.027238769907922643","True","False"
"15","CATTCCTCCACATTCCTCCACATTCC","0","108","231","252","197","101","138","0","1","109","232","253","198","102","139","1","0.000023281802942819892","0.000049704463643236865","0.00007672551381290749","0.00007061287509949997","0.00006962458634028912","0.00004627394903695746","0.00006318443171967567","0.00003293048374880627","0.00007232099175089885","0.000053054281466623335","0.647821841433861","-0.6263309852026735","0.8948004401554682","-0.16036212882341613","0.6646208109703408","-0.5893966266939517","homotrimer_from_MA0090.1.TEAD1","variant","0.5528893589949662","0.9905856728544488","0.5136491150396254","0.6857080489630135","0.6857080489630135","4.384892105584803","0.04084239154809528","0.0453804350534392","True","False"
"16","CCAAATAAGG","2","3621","12587","14453","11522","4152","4171","0","3","3622","12588","14454","11523","4153","4172","1","0.00006984540882845967","0.0016516474065670084","0.004163020551193446","0.004034144255684476","0.0040519399414098555","0.001884075591671415","0.0018964420801042224","0.00003293048374880627","0.004083034916095926","0.0018107216927808819","0.39674255417584176","-1.3337249472002837","0.4700977357049052","-1.0889673632924746","0.4649811248228568","-1.1047559414132637","motif_from_MA0083.2.SRF","variant","-0.15450460300264401","0.06198043838539036","-0.0017101996796866636","-0.031411454765646774","-0.03141145476564672","-0.434983247555989","0.6914219805347991","0.6914219805347991","False","False"
"17","CCAAATAAGGCAGACCAAATAAGG","0","502","2312","2680","2176","466","483","0","1","503","2313","2681","2177","467","484","1","0.000023281802942819892","0.00022937013956466186","0.0007649401441778233","0.0007482731942362031","0.0007655188104182292","0.00021186210000254054","0.00022000910037642466","0.00003293048374880627","0.0007595773829440853","0.000220413779981209","0.29985370922217003","-1.7376692756826913","0.29402242666329653","-1.7660018935605797","0.2767562300484726","-1.8533123010643822","homodimer_from_MA0083.2.SRF","variant","-0.5584489314850516","-0.6150540918827148","-0.7502665593308051","-0.6412565275661904","-0.6412565275661904","-9.749067792821219","0.0011039109941576547","0.0014152705053303266","True","True"
"18","CCAAATAAGGCAGACCAAATAAGGCAGACCAAATAAGG","0","8","236","266","202","25","50","0","1","9","237","267","203","26","51","1","0.000023281802942819892","0.0000041040382824690985","0.00007837908092094428","0.00007452030692318771","0.00007138278296504389","0.000011795320342753863","0.000023182777105780285","0.00003293048374880627","0.00007476072360305863","0.000013027378577001081","0.052361398401807834","-4.255352562307975","0.3110934195383291","-1.6845802165686716","0.16524041026153358","-2.5973615476299217","homotrimer_from_MA0083.2.SRF","variant","-3.076132218110335","-0.5336324148908067","-1.4943158058963446","-1.701360146299162","-1.701360146299162","-2.2930763956216578","0.1483548588841451","0.1578243179618565","False","False"
"19","CCACCAGGGGGCG","0","1014","20227","24682","17697","1072","1185","0","1","1015","20228","24683","17698","1073","1186","1","0.000023281802942819892","0.00046284431741179283","0.006689671092273674","0.006889081407434615","0.006223312772982004","0.0004867837972221113","0.0005391132087736357","0.00003293048374880627","0.006600688424230097","0.0004962471078025133","0.0691879034152159","-3.853336365906773","0.07825618204944292","-3.6756514638025393","0.07821940098132987","-3.676329702087578","motif_from_MA0139.1.CTCF","variant","-2.6741160217091333","-2.5247036621246743","-2.5732839603540008","-2.5907012147292696","-2.5907012147292696","-47.10462198963566","0.0000001470375842465585","0.0000003341763278330875","True","True"
"20","CCACCAGGGGGCGCTGGCCACCAGGGGGCG","0","0","1422","1862","1288","0","0","0","1","1","1423","1863","1289","1","1","1","0.000023281802942819892","0.00000045600425360767767","0.000470605198947273","0.0005199675348235907","0.00045326308986178113","0.0000004536661670289947","0.000000454564256976084","0.00003293048374880627","0.0004812786078775483","0.00000045474489253758547","0.0009689741095673036","-10.01125426137851","0.0008742166126396795","-10.159721585794252","0.0010008892786027128","-9.964501896947489","homodimer_from_MA0139.1.CTCF","variant","-8.832033917180869","-9.008773784116386","-8.861456155213912","-8.900754618837055","-8.900754618837055","-139.383067021335","0.00000005320173823724201","0.0000001266708053267667","True","True"
"21","CCACCAGGGGGCGCTGGCCACCAGGGGGCGCTGGCCACCAGGGGGCG","0","0","1118","1443","996","0","0","0","1","1","1119","1444","997","1","1","1","0.000023281802942819892","0.00000045600425360767767","0.00037006831877863563","0.0004030236823860788","0.00035058440697610226","0.0000004536661670289947","0.000000454564256976084","0.00003293048374880627","0.0003745588027136056","0.00000045474489253758547","0.0012322164056427821","-9.664528635828422","0.0011278847294651823","-9.792164653739784","0.0012940283652145403","-9.593915042984033","homotrimer_from_MA0139.1.CTCF","variant","-8.485308291630782","-8.64121685206192","-8.490869301250456","-8.53913148164772","-8.53913148164772","-140.44641102081783","0.000000017267250852754826","0.00000004544013382303901","True","True"
"22","CCCCACTCCTGGT","5","38651","44646","55901","40092","34507","42232","1","6","38652","44647","55902","40093","34508","42233","2","0.00013969081765691934","0.017625476410443958","0.014765362134503794","0.015602375271985165","0.014098275455258644","0.01565511209183655","0.019197612264870954","0.00006586096749761254","0.014822004287249202","0.01749273358905049","1.1937043094430193","0.2554455132099617","1.230428824471439","0.2991612059049858","1.1104274520325965","0.15111513983512292","motif_from_MA1715.1.ZNF707","variant","1.4346658574076014","1.4501090075828507","1.2541608815687","1.3796452488530508","1.3796452488530508","19.423621650510064","0.0001844381500151734","0.0002492407432637478","True","True"
"23","CCCCACTCCTGGTACCCCCACTCCTGGT","0","1775","2609","3064","2062","1165","1805","0","1","1776","2610","3065","2063","1166","1806","1","0.000023281802942819892","0.0008098635544072355","0.0008631620303952091","0.0008554484671144956","0.0007254319273738203","0.0005289747507558079","0.0008209430480988077","0.00003293048374880627","0.0008146808082945084","0.0007199271177539503","0.9382520614772984","-0.09195253995916848","0.9596639419647593","-0.059398807949898984","0.7291859246818391","-0.4556413812718256","homodimer_from_MA1715.1.ZNF707","variant","1.0872678042384711","1.0915489937279659","0.6474043604617514","0.9420737194760629","0.9420737194760629","6.239345754207055","0.019384634833178184","0.02307694622997403","True","False"
"24","CCCCACTCCTGGTACCCCCACTCCTGGTACCCCCACTCCTGGT","0","950","1186","1409","1001","802","925","0","1","951","1187","1410","1002","803","926","1","0.000023281802942819892","0.00043366004518090144","0.0003925568314479361","0.00039353420509998004","0.000352342603600857","0.0003642939321242828","0.0004209265019598538","0.00003293048374880627","0.0003794778800495911","0.00040629349308834604","1.104706402844544","0.14366299636662905","1.069605885599994","0.09707930912146723","1.033919623688098","0.0481240357362687","homotrimer_from_MA1715.1.ZNF707","variant","1.3228833405642688","1.2480271107993322","1.1511697774698457","1.240693409611149","1.240693409611149","20.79619213860667","0.000026181165001173287","0.00004222768548576337","True","True"
"25","CCCGTA","10","114484","101408","125622","91839","102653","119121","4","11","114485","101409","125623","91840","102654","119122","5","0.0002560998323710188","0.052205646974274975","0.033537317371780756","0.03506166485622326","0.032294555603495714","0.046570646710194424","0.05414860341950508","0.00016465241874403136","0.03363117927716657","0.05097496570132482","1.5566434964235476","0.6384385752243013","1.5443819807630723","0.6270296266965962","1.4420587569612942","0.528129948663133","sequence_from_MA0003.2.TFAP2A","variant","1.817658919421941","1.7779774283744612","1.63117569039671","1.742270679397704","1.742270679397704","26.55258546073229","0.000032342989153725565","0.000047599507421818704","True","True"
"26","CCGGCC","0","23434","16588","19823","14757","21015","24648","1","1","23435","16589","19824","14758","21016","24649","2","0.000023281802942819892","0.010686459683295926","0.005486204951044492","0.005532923462341847","0.005189493157626196","0.009534248166281354","0.011204554370203495","0.00006586096749761254","0.0054028738570041784","0.010475087406593591","1.947878320014527","0.9619035580185415","2.0250694676085566","1.0179713987900394","1.8372214543284142","0.87752553597853","top_sequence_screen","variant","2.141123902216181","2.1689192004679043","1.980571277712107","2.096871460132064","2.096871460132064","31.139130773657058","0.000024350667554211076","0.000040584445923685126","True","True"
"27","CCGTCC","0","11887","8936","10212","7575","9814","10826","1","1","11888","8937","10213","7576","9815","10827","2","0.000023281802942819892","0.005420978566888072","0.0029555858489049747","0.0028504715153802097","0.002664019525828436","0.004452733429389583","0.0049215672102800615","0.00006586096749761254","0.002823358963371207","0.004931759735519239","1.8341468812000536","0.8751091767158825","1.7265800355221579","0.7879172117902807","1.671434231701026","0.741086588299311","top_sequence_screen","variant","2.054329520913522","1.9388650134681455","1.844132330032888","1.9457756214715187","1.9457756214715187","28.13606418790624","0.00004437504432316869","0.00006339292046166956","True","True"
"28","CCGTTAAAC","0","5894","10890","13238","9410","6219","6688","1","1","5895","10891","13239","9411","6220","6689","2","0.000023281802942819892","0.0026881450750172596","0.003601799874725756","0.003695034993843004","0.0033092776871134384","0.002821803558920347","0.003040580314913026","0.00006586096749761254","0.0035353708518940665","0.002850176316283544","0.7463338243416251","-0.42210702339041184","0.8228826844615846","-0.2812413296227824","0.8526947043183017","-0.22989879813263184","motif_from_MA0777.1.MYBL2","variant","0.7571133208072278","0.8697064720550824","0.8731469436009452","0.8333222454877518","0.8333222454877518","16.52937398493165","0.0000036799260520584133","0.0000073598521041168265","True","True"
"29","CCGTTAAACGGAACCGTTAAAC","1","6787","13597","17001","13036","7090","7164","0","2","6788","13598","17002","13037","7091","7165","1","0.000046563605885639784","0.003095356873488916","0.004497041107016879","0.004745296847595646","0.004584321879385601","0.0032169467904026015","0.003256952901233642","0.00003293048374880627","0.004608886611332709","0.0031897521883750527","0.688309668474929","-0.5388703196973978","0.6863538796068953","-0.5429754824606059","0.7017279490928203","-0.511016270291732","homodimer_from_MA0777.1.MYBL2","variant","0.6403500245002418","0.607972319217259","0.592029471441845","0.6134506050531153","0.6134506050531153","17.07475432866291","0.0000000000000004647668968352982","0.0000000000000031975956327141053","True","True"
"30","CCGTTAAACGGAACCGTTAAACGGAACCGTTAAAC","0","7531","16137","21167","15508","7501","8316","1","1","7532","16138","21168","15509","7502","8317","2","0.000023281802942819892","0.003434624038173028","0.005337053197899573","0.00590803691741587","0.0054535742906643625","0.0034034035850515182","0.003780610925270091","0.00006586096749761254","0.005566221468659936","0.0035395461828315457","0.643543152150843","-0.6358912047059676","0.6399098343690954","-0.6440594564506839","0.6240684372591375","-0.680223846760688","homotrimer_from_MA0777.1.MYBL2","variant","0.543329139491672","0.5068883452271811","0.422821894972889","0.491013126563914","0.49101312656391405","10.103342672996698","0.00003104803290223466","0.000047599507421818704","True","True"
"31","CCTCAGGG","0","10842","29284","35732","25454","11532","12215","2","1","10843","29285","35733","25455","11533","12216","3","0.000023281802942819892","0.004944454121868049","0.009684942551771533","0.009973161525416727","0.008950979016626563","0.005232131904345396","0.005552956963219842","0.00009879145124641881","0.009536361031271607","0.0052431809964777615","0.5105300413954059","-0.9699322380017349","0.5567900358445075","-0.844794701528204","0.5845318031275285","-0.7746465740377518","motif_from_MA0003.2.TFAP2A","variant","0.20928810619590477","0.3061531001496609","0.3283991676958252","0.28128012468046365","0.2812801246804637","5.711166670790727","0.0010563370576102508","0.0013899171810661196","True","True"
"32","CCTCAGGGCATGCCTCAGGG","1","3493","3395","4474","3140","3249","3845","0","2","3494","3396","4475","3141","3250","3846","1","0.000046563605885639784","0.0015932788621052258","0.001123102779778594","0.0012489826722144755","0.00110449911967095","0.001474415042844233","0.0017482541323300192","0.00003293048374880627","0.0011588615238880065","0.0016053160124264926","1.4186402979247554","0.5045088345116933","1.3997425034170599","0.4851614534483029","1.3349173544687727","0.41675042656537714","homodimer_from_MA0003.2.TFAP2A","variant","1.683729178709333","1.6361092551261678","1.5197961682989543","1.613211534044818","1.613211534044818","27.428283281334746","0.000006775558406678224","0.000013029920012842737","True","True"
"33","CCTCAGGGCATGCCTCAGGGCATGCCTCAGGG","0","792","933","1173","923","723","886","0","1","793","934","1174","924","724","887","1","0.000023281802942819892","0.0003616113731108884","0.00030888633578127407","0.00032766606864352945","0.00032491473625468253","0.00032845430492899215","0.0004031984959377865","0.00003293048374880627","0.000320489046893162","0.000364421391325889","1.1706939777580498","0.2273640011422889","1.2305164755293274","0.2992639743383986","1.01089383853472","0.015631497081310113","homotrimer_from_MA0003.2.TFAP2A","variant","1.4065843453399285","1.4502117760162636","1.1186772388148871","1.325157786723693","1.325157786723693","12.144708985396399","0.0031548002275886057","0.003847317350717812","True","True"
"34","CGGAAT","7","108021","110320","132813","100923","111711","113034","4","8","108022","110321","132814","100924","111712","113035","5","0.00018625442354255913","0.04925849148320856","0.03648463538514554","0.03706868930223315","0.03548884723135019","0.05067995485114306","0.05138167078729165","0.00016465241874403136","0.036347390639576295","0.05044003904054776","1.3501160409914306","0.4330834106599891","1.3861205171933673","0.4710526990324067","1.4280530027014606","0.5140495265067102","sequence_from_MA0090.1.TEAD1","variant","1.6123037548576287","1.6220005007102716","1.6170952682402873","1.6171331746027289","1.6171331746027289","48.83539341917134","0.000000000000000000000000000010631448741696241","0.00000000000000000000000000017719081236160402","True","True"
"35","CGTTAA","2","27479","69394","85760","65552","29065","29896","2","3","27480","69395","85761","65553","29066","29897","3","0.00006984540882845967","0.012530996889138982","0.022949857892442735","0.023936090045091764","0.02305101266850996","0.01318626081086476","0.013590107590813983","0.00009879145124641881","0.02331232020201482","0.013102455096939242","0.546016317306495","-0.8729840291902088","0.5677663964838199","-0.8166306298700836","0.5720469204755825","-0.8057946101892107","sequence_from_MA0777.1.MYBL2","variant","0.30623631500743087","0.3343171718077813","0.29725113154436633","0.31260153945319286","0.3126015394531929","8.9743653513008","0.0000000004930336983202267","0.000000001450099112706549","True","True"
"36","G","0","4754","7137","8366","6226","4885","4870","0","1","4755","7138","8367","6227","4886","4871","1","0.000023281802942819892","0.002168300225904507","0.0023606324034333346","0.002335248719199669","0.0021896580764695973","0.002216612892103668","0.002214182495730505","0.00003293048374880627","0.0022951797330342002","0.0021996985379128934","0.9185251472236435","-0.12260887515312471","0.9481570324934574","-0.07680207876163342","1.0123100569553445","0.017651235804146417","negative_neutral_SNV","negative_neutral_SNV","1.056611469044515","1.0741457229162314","1.1206969775377236","1.0838180564994901","1.0838180564994901","28.420026422646856","0.000000000000000020142692671054255","0.00000000000000016785577225878547","True","True"
"37","GAAAAT","6","65895","70031","88166","66390","67745","70148","3","7","65896","70032","88167","66391","67746","70149","4","0.00016297262059973924","0.030048856295731525","0.023160522342006624","0.024607610114219813","0.02334568642281886","0.030734068151546275","0.03188722806261532","0.00013172193499522508","0.0237046062930151","0.03089005083663104","1.2974170380100372","0.37564228989097115","1.2958279131783257","0.37387414006772707","1.3164773823701221","0.3966827354950573","sequence_from_MA0107.1.RELA","variant","1.554862634088611","1.524821941745592","1.4997284772286343","1.5264710176876124","1.5264710176876124","41.658174939569356","0.0000000000000000000000022661231502248387","0.000000000000000000000022661231502248387","True","True"
"38","GAATGT","3","74597","69461","89630","67767","72603","74597","2","4","74598","69462","89631","67768","72604","74598","3","0.00009312721177127957","0.034017005310625535","0.02297201569169043","0.025016215842068305","0.023829893773276326","0.032937978390973136","0.03390958444190192","0.00009879145124641881","0.02393937510234502","0.033621522714500196","1.4808019360238538","0.5663786865246545","1.3555041520259892","0.43882953228158567","1.3822125563946464","0.46697949016658713","sequence_from_MA0090.1.TEAD1","variant","1.7455990307222942","1.5897773339594505","1.5700252319001642","1.6351338655273029","1.6351338655273029","25.315647728295843","0.000032367665046836723","0.000047599507421818704","True","True"
"39","GAGCCC","2","41234","39331","46705","37792","39589","40360","3","3","41235","39332","46706","37793","39590","40361","4","0.00006984540882845967","0.01880333539751259","0.013007620298660677","0.013035750768368558","0.013289505007871447","0.017960643552677902","0.018346667975811727","0.00013172193499522508","0.013110958691633562","0.01837021564200074","1.445563059635794","0.531631544712228","1.4074116866617448","0.49304439782064047","1.3514907847989608","0.43455167482476065","top_sequence_screen","variant","1.7108518889098676","1.6439921994985054","1.5375974165583377","1.6308138349889036","1.6308138349889036","27.05448784180261","0.000010466225081888755","0.00001868968764622992","True","True"
"40","GATAGA","7","28515","83021","103774","78116","30302","30053","2","8","28516","83022","103775","78117","30303","30054","3","0.00018625442354255913","0.013003417295876537","0.027456489688686227","0.02896383839308541","0.02746900914719376","0.013747445859479627","0.013661474179159229","0.00009879145124641881","0.02796311240965513","0.013470779111505132","0.4736008660726484","-1.0782563756654904","0.471673470682693","-1.0841396362518878","0.5004711231414792","-0.998641265990835","negative_neutral_sequence","negative_neutral_sequence","0.10096396853214928","0.06680816542597712","0.10440447574274203","0.09072553656695614","0.0907255365669562","","","","",""
"41","GATGCC","3","109041","63162","75427","59331","109776","115802","6","4","109042","63163","75428","59332","109777","115803","7","0.00009312721177127957","0.04972361582188839","0.02088885184898567","0.021052126256937087","0.02086346442799007","0.049802110817941954","0.052639904650601456","0.0002305133862416439","0.020934814177970943","0.05072187709681059","2.380390084690217","1.251198013505301","2.500455488825295","1.3221909235327605","2.3870489481664556","1.2552281502290619","sequence_from_MA0003.2.TFAP2A_MA1715.1.ZNF707","variant","2.4304183577029406","2.4731387252106254","2.358273891962639","2.420610324958735","2.420610324958735","51.464597619973176","0.0000000001342901764319825","0.000000000479607772971366","True","True"
"42","GATGGT","6","156087","114511","143569","107416","159207","163565","8","7","156088","114512","143570","107417","159208","163566","9","0.00016297262059973924","0.0711767919371152","0.03787065533510199","0.04007071335191782","0.037772041368256744","0.07222728312035219","0.07435125725655016","0.00029637435373925644","0.03857113668509218","0.07258511077133918","1.8794708279352648","0.9103265228724196","1.8555012136561237","0.8918089446814095","1.9121890293451627","0.9352251479101648","sequence_from_MA0139.1.CTCF","variant","2.089546867070059","2.0427567463592746","2.0382708896437416","2.056858167691025","2.056858167691025","55.82546535551386","0.000000000000000000000000007328130800679583","0.00000000000000000000000009160163500849478","True","True"
"43","GCACCC","11","82063","68295","80260","64456","78184","83397","14","12","82064","68296","80261","64457","78185","83398","15","0.0002793816353138387","0.03742153306806046","0.02258640384209625","0.02240102754292872","0.022665615968363712","0.035469889269161954","0.037909749903291455","0.0004939572562320941","0.02255101578446289","0.03693372408017129","1.6568167880853475","0.7284140771915649","1.692321918297821","0.7590040281247918","1.5649205968489994","0.6460894575167785","top_sequence_screen","variant","1.9076344213892047","1.9099518298026568","1.7491351992503557","1.8555738168140723","1.8555738168140723","29.631621148964047","0.000012467457314061708","0.000021495616058727086","True","True"
"44","GCGCTC","1","46798","44952","53021","41148","43479","46840","2","2","46799","44953","53022","41149","43480","46841","3","0.000046563605885639784","0.021340543064585705","0.014866560441515646","0.014798560725397971","0.014469606582406851","0.01972540494242069","0.02129224436101675","0.00009879145124641881","0.014711575916440156","0.02078606412267438","1.435472794701801","0.5215259886288832","1.4388050808531683","0.5248711591847119","1.3632302184638663","0.44702922097624737","top_sequence_screen","variant","1.7007463328265229","1.6758189608625769","1.5500749627098245","1.6422134187996413","1.6422134187996413","28.749535196459988","0.0000033277815877081614","0.000006932878307725337","True","True"
"45","GGAACC","1","16588","17684","21380","16402","16776","17993","1","2","16589","17685","21381","16403","16777","17994","2","0.000046563605885639784","0.007564654563097764","0.005848666861126159","0.005967485701590548","0.005767939847170517","0.007611157284245444","0.008179429240027656","0.00006586096749761254","0.005861364136629074","0.007785080362456954","1.293398092713592","0.3711663880555086","1.370665913426076","0.45487697098712065","1.3195625276812006","0.4000597146189245","sequence_from_MA0107.1.RELA","variant","1.5503867322531484","1.6058247726649855","1.5031054563525015","1.5531056537568784","1.5531056537568784","34.99354643600496","0.000000000057530465205664285","0.0000000002212710200217857","True","True"
"46","GGAATTTCC","0","84","147","271","203","58","81","0","1","85","148","272","204","59","82","1","0.000023281802942819892","0.0000387603615566526","0.00004894558639788926","0.00007591581828879047","0.00007173442228999484","0.000026766303854710687","0.00003727426907203889","0.00003293048374880627","0.0000655319423255582","0.00003426697816113406","0.7919071852886027","-0.33659674434327574","0.4909947612004165","-1.0262204634848688","0.37313054179909266","-1.422247641195492","motif_from_MA0107.1.RELA","variant","0.8426235998543639","0.12472733819299608","-0.319201899461915","0.21604967952848164","0.2160496795284817","0.6352748924224727","0.589170044325332","0.6137187961722209","False","False"
"47","GGAATTTCCGGGAATTTCC","0","9310","45661","57489","43201","9452","9698","0","1","9311","45662","57490","43202","9453","9699","1","0.000023281802942819892","0.004245855605341087","0.015101036257435264","0.016045589681700605","0.015191522116531162","0.004288506276925087","0.004408818728411039","0.00003293048374880627","0.015446049351889013","0.004314393536892404","0.28116319522447103","-1.8305203395320422","0.27476825818618134","-1.8637127443062376","0.2822960230073592","-1.824719290676363","homodimer_from_MA0107.1.RELA","variant","-0.6512999953344025","-0.7127649426283726","-0.7216735489427859","-0.6952461623018538","-0.6952461623018538","-17.501184646016334","0.000000000012562018388393789","0.00000000005710008358360813","True","True"
"48","GGAATTTCCGGGAATTTCCGGGAATTTCC","0","718","7384","9346","6639","769","787","0","1","719","7385","9347","6640","770","788","1","0.000023281802942819892","0.0003278670583439202","0.0024423186185703522","0.002608768946857811","0.0023348851176743417","0.00034932294861232595","0.0003581966344971542","0.00003293048374880627","0.0024619908943675018","0.00034512888048446685","0.1342441792200897","-2.8970685600648816","0.13730485213287746","-2.864545485976627","0.14961033670053475","-2.740718239237861","homotrimer_from_MA0107.1.RELA","variant","-1.717848215867242","-1.7135976842987621","-1.6376724975042838","-1.6897061325567624","-1.6897061325567624","-40.196037039947065","0.00000000000009461206835934845","0.0000000000004730603417967422","True","True"
"49","GGACCC","4","85423","77521","91065","70637","80722","88139","3","5","85424","77522","91066","70638","80723","88140","4","0.00011640901471409946","0.038953707360182256","0.02563756586984575","0.025416727603996297","0.024839098635885567","0.03662129400108154","0.040065293609872044","0.00013172193499522508","0.025297797369909208","0.03854676499037862","1.5193996012702053","0.6035013477558973","1.5763356413975391","0.6565747534642923","1.4743406972173294","0.5600699473569598","sequence_from_MA1715.1.ZNF707","variant","1.782721691953537","1.8075225551421572","1.663115689090537","1.7511199787287437","1.7511199787287437","31.572762023028147","0.0000011948712319483789","0.000002597546156409519","True","True"
"50","GGACTA","0","17526","48157","58435","45730","19474","18740","3","1","17527","48158","58436","45731","19475","18741","4","0.000023281802942819892","0.007992386552981767","0.015926496957767235","0.016309620432072645","0.01608081796933213","0.008835148602889671","0.00851898873998879","0.00013172193499522508","0.016105645119724","0.008448841298620077","0.5018295344026634","-0.9947307140518231","0.5223290618852365","-0.9369691187833822","0.5494215915968492","-0.8640144872081927","negative_neutral_sequence","negative_neutral_sequence","0.18448963014581654","0.21397868289448274","0.23903125452538432","0.21249985585522788","0.21249985585522793","","","","",""
"51","GGCCAT","0","92","73","48","46","145","151","0","1","93","74","49","47","146","152","1","0.000023281802942819892","0.000042408395585514024","0.00002447279319894463","0.000013676011382907106","0.00001652704827269489","0.00006623526038623322","0.00006909376706036477","0.00003293048374880627","0.000018225284284848875","0.000059245807677370676","1.7328792525138836","0.7931711306270539","5.052187010221508","2.336908042475764","4.007688444624658","2.002770358616542","top_sequence_screen","variant","1.9723914748246936","3.487855844153629","3.1058161003501192","2.8553544731094807","2.8553544731094807","6.258410182633688","0.023970117518971927","0.027238769907922643","True","False"
"52","GGTAAG","0","3017","12587","14867","12143","3042","3082","0","1","3018","12588","14868","12144","3043","3083","1","0.000023281802942819892","0.001376220837387971","0.004163020551193446","0.004149692596756385","0.004270307962204399","0.001380506146269231","0.001401421604257267","0.00003293048374880627","0.00419434037005141","0.0013860495293048232","0.33058228285551916","-1.5969186876237684","0.33771696856598266","-1.5661134256071958","0.3232802314230734","-1.629142805486708","positive_splice","splice","-0.41769834342612877","-0.4151656239293309","-0.526097063753131","-0.4529870103695302","-0.45298701036953015","-9.197818940188393","0.00007029063033975945","0.00009762587547188813","True","True"
"53","GGTGAC","4","31082","120327","148776","111069","32686","33115","1","5","31083","120328","148777","111070","32687","33116","2","0.00011640901471409946","0.014173980214887444","0.03979408459517039","0.041523998888056544","0.03905657982230258","0.01482898600167675","0.015053349934019997","0.00006586096749761254","0.040124887768509844","0.014685438716861397","0.3561830950273365","-1.4893090492478895","0.3625216823312689","-1.4638608099492418","0.37967958457050854","-1.3971456677784597","negative_neutral_sequence","negative_neutral_sequence","-0.3100887050502499","-0.3129130082713769","-0.29409992604488266","-0.30570054645550315","-0.3057005464555031","","","","",""
"54","GTTTCA","1","24108","81653","98649","76943","26248","25477","1","2","24109","81654","98650","76944","26249","25478","2","0.000046563605885639784","0.0109938065502275","0.02700407372792736","0.027533439243342575","0.02705653621902629","0.011908283218344083","0.011581388139236669","0.00006586096749761254","0.027198016396765407","0.011494492635936084","0.4071165951105299","-1.2964860642822078","0.42062991248131054","-1.2493766460207767","0.4401259319354456","-1.1840117179912937","negative_neutral_sequence","negative_neutral_sequence","-0.11726572008456815","-0.09842884434291177","-0.08096597625771662","-0.09888684689506551","-0.09888684689506545","","","","",""
"55","T","2","17657","33987","41461","30583","16937","17959","1","3","17658","33988","41462","30584","16938","17960","2","0.00006984540882845967","0.008052123110204371","0.011240287773590946","0.011572138448124377","0.01075453711430001","0.007684197537137113","0.00816397405529047","0.00006586096749761254","0.011188987778671777","0.007966764900877317","0.716362718855191","-0.48123783674029674","0.7054853423926754","-0.5033119860932751","0.7145075102227922","-0.48497891924963693","negative_neutral_SNV","negative_neutral_SNV","0.6979825074573429","0.6476358155845898","0.6180668224839401","0.6545617151752909","0.6545617151752909","16.19835081329543","0.00000000016312133834602677","0.0000000005097541823313336","True","True"
"56","TAGGGT","0","18484","58244","68359","54895","18660","19188","0","1","18485","58245","68360","54896","18661","19189","1","0.000023281802942819892","0.00842923862793792","0.019262403241520672","0.019079431390521016","0.01930359238250763","0.00846586434292807","0.008722633527114077","0.00003293048374880627","0.019215142338183108","0.00853924549932669","0.43760056947455295","-1.1923134792944183","0.45717471074361415","-1.1291824938149748","0.4385641892542031","-1.1891400806291919","negative_neutral_sequence","negative_neutral_sequence","-0.013093135096778674","0.021765307862890104","-0.0860943388956148","-0.025807388709834456","-0.0258073887098344","","","","",""
"57","TGCTGT","1","25209","75303","91315","70784","24691","25431","0","2","25210","75304","91316","70785","24692","25432","1","0.000046563605885639784","0.011495867233449553","0.024904043500720625","0.025486503172276437","0.024890789616653357","0.011201924996279937","0.011560478183415768","0.00003293048374880627","0.025093778763216806","0.011419423471048419","0.46160645491632346","-1.1152646967041013","0.4535921662251006","-1.1405323704930048","0.4500429744818224","-1.151865324308209","negative_neutral_sequence","negative_neutral_sequence","0.06395564749353833","0.010415431184860102","-0.04881958257463204","0.00851716536792213","0.008517165367922184","","","","",""
"58","TTTAAC","0","9421","57836","71370","52441","9351","9422","1","1","9422","57837","71371","52442","9352","9423","2","0.000023281802942819892","0.004296472077491539","0.01912747216550487","0.019919808334887004","0.01844066947907799","0.004242685994055159","0.004283358993485639","0.00006586096749761254","0.01916264999315662","0.004274172355010779","0.224623099190281","-2.154421799500985","0.21503013088654485","-2.217389264677834","0.23007223240288172","-2.119841220808235","sequence_from_MA0777.1.MYBL2","variant","-0.9752014553033455","-1.0664414629999692","-1.0167954790746578","-1.0194794657926576","-1.0194794657926576","-24.135337133130662","0.00000000004736765849971218","0.00000000019736524374880076","True","True"